{"type":"FeatureCollection","features":[{"type":"Feature","geometry":{"type":"Polygon","coordinates":[[[-76.414,8.874],[-76.51,8.804],[-76.524,8.774],[-76.632,8.731],[-76.65,8.671],[-76.885,8.623],[-76.891,8.592],[-76.938,8.553],[-76.927,8.526],[-76.907,8.532],[-76.923,8.527],[-76.935,8.548],[-76.825,8.497],[-76.788,8.421],[-76.759,8.395],[-76.754,8.325],[-76.774,8.267],[-76.739,8.166],[-76.763,8.12],[-76.74,8.113],[-76.743,8.063],[-76.736,8.093],[-76.715,8.062],[-76.72,8.04],[-76.738,8.042],[-76.729,8.027],[-76.747,8.021],[-76.726,7.983],[-76.741,7.946],[-76.763,7.944],[-76.748,7.922],[-76.862,7.901],[-76.922,7.918],[-76.925,8.025],[-76.89,8.045],[-76.875,8.021],[-76.834,8.02],[-76.872,8.053],[-76.83,8.05],[-76.873,8.068],[-76.822,8.094],[-76.855,8.091],[-76.854,8.12],[-76.813,8.132],[-76.894,8.132],[-76.889,8.114],[-76.932,8.092],[-76.95,8.145],[-76.943,8.167],[-76.932,8.158],[-76.932,8.174],[-76.909,8.178],[-76.927,8.19],[-76.91,8.191],[-76.944,8.211],[-76.935,8.189],[-76.957,8.185],[-76.969,8.243],[-76.956,8.235],[-76.942,8.249],[-76.98,8.255],[-76.949,8.172],[-76.956,8.123],[-76.939,8.063],[-76.996,8.021],[-77.0,7.958],[-77.021,7.949],[-77.012,7.934],[-77.031,7.88],[-77.095,7.825],[-77.128,7.827],[-77.122,7.787],[-76.96,7.641],[-76.943,7.589],[-76.801,7.572],[-76.661,7.448],[-76.618,7.315],[-76.579,7.304],[-76.53,7.255],[-76.484,7.133],[-76.508,7.139],[-76.548,7.002],[-76.571,6.98],[-76.593,7.012],[-76.603,7.0],[-76.616,7.017],[-76.645,7.008],[-76.676,7.03],[-76.835,6.999],[-76.843,6.988],[-76.819,6.974],[-76.829,6.956],[-76.813,6.964],[-76.8,6.949],[-76.786,6.878],[-76.831,6.859],[-76.818,6.838],[-76.835,6.829],[-76.878,6.852],[-76.9,6.829],[-76.917,6.845],[-76.934,6.812],[-76.97,6.813],[-76.958,6.793],[-76.967,6.743],[-76.934,6.711],[-76.964,6.681],[-76.939,6.686],[-76.925,6.647],[-76.898,6.668],[-76.909,6.629],[-76.858,6.618],[-76.89,6.605],[-76.895,6.57],[-76.883,6.56],[-76.864,6.571],[-76.841,6.521],[-76.819,6.525],[-76.82,6.487],[-76.8,6.508],[-76.768,6.478],[-76.796,6.444],[-76.762,6.432],[-76.795,6.42],[-76.765,6.389],[-76.787,6.378],[-76.771,6.363],[-76.789,6.35],[-76.778,6.328],[-76.79,6.32],[-76.782,6.289],[-76.749,6.28],[-76.756,6.252],[-76.723,6.237],[-76.717,6.171],[-76.644,6.168],[-76.584,6.193],[-76.475,6.16],[-76.469,6.177],[-76.42,6.166],[-76.39,6.191],[-76.285,6.193],[-76.259,6.21],[-76.209,6.185],[-76.197,6.08],[-76.173,6.017],[-76.144,5.998],[-76.105,6.018],[-76.051,5.951],[-76.06,5.886],[-76.082,5.883],[-76.099,5.849],[-76.071,5.781],[-76.081,5.767],[-76.061,5.758],[-76.087,5.689],[-76.005,5.622],[-76.008,5.564],[-75.983,5.519],[-75.931,5.509],[-75.905,5.48],[-75.868,5.49],[-75.862,5.506],[-75.832,5.489],[-75.786,5.54],[-75.73,5.564],[-75.689,5.519],[-75.617,5.532],[-75.578,5.516],[-75.569,5.54],[-75.59,5.643],[-75.572,5.665],[-75.6,5.681],[-75.598,5.737],[-75.543,5.72],[-75.535,5.691],[-75.52,5.695],[-75.478,5.664],[-75.429,5.697],[-75.377,5.674],[-75.368,5.641],[-75.383,5.622],[-75.365,5.602],[-75.34,5.603],[-75.329,5.525],[-75.311,5.509],[-75.318,5.463],[-75.283,5.476],[-75.276,5.419],[-75.221,5.503],[-75.138,5.527],[-75.13,5.553],[-75.092,5.585],[-75.094,5.655],[-75.009,5.682],[-74.993,5.715],[-74.865,5.747],[-74.806,5.699],[-74.772,5.69],[-74.729,5.706],[-74.714,5.772],[-74.665,5.769],[-74.638,5.866],[-74.585,5.903],[-74.612,5.97],[-74.563,5.998],[-74.562,6.078],[-74.612,6.127],[-74.573,6.216],[-74.536,6.268],[-74.45,6.332],[-74.424,6.39],[-74.369,6.412],[-74.405,6.471],[-74.394,6.5],[-74.407,6.591],[-74.359,6.633],[-74.33,6.63],[-74.312,6.654],[-74.259,6.673],[-74.229,6.711],[-74.177,6.725],[-74.115,6.766],[-74.077,6.842],[-74.011,6.913],[-73.886,7.002],[-73.888,7.07],[-73.931,7.119],[-73.939,7.177],[-73.916,7.296],[-74.246,7.003],[-74.277,7.012],[-74.306,6.999],[-74.322,7.019],[-74.356,7.01],[-74.351,7.082],[-74.372,7.098],[-74.37,7.125],[-74.409,7.194],[-74.387,7.279],[-74.403,7.33],[-74.32,7.442],[-74.37,7.48],[-74.412,7.46],[-74.419,7.389],[-74.491,7.343],[-74.589,7.445],[-74.599,7.466],[-74.59,7.512],[-74.568,7.518],[-74.564,7.64],[-74.531,7.671],[-74.476,7.682],[-74.475,7.706],[-74.507,7.723],[-74.514,7.781],[-74.525,7.783],[-74.52,7.903],[-74.603,8.037],[-74.668,8.06],[-74.729,8.118],[-74.774,8.122],[-74.834,8.202],[-74.865,8.2],[-74.867,8.159],[-74.928,8.075],[-74.968,8.091],[-75.047,8.042],[-75.093,8.071],[-75.126,8.04],[-75.134,8.054],[-75.188,8.044],[-75.227,8.063],[-75.247,8.042],[-75.236,8.029],[-75.244,8.008],[-75.309,7.947],[-75.337,7.948],[-75.329,7.927],[-75.347,7.875],[-75.404,7.858],[-75.422,7.819],[-75.466,7.828],[-75.456,7.793],[-75.496,7.722],[-75.535,7.722],[-75.555,7.624],[-75.619,7.583],[-75.671,7.598],[-75.712,7.581],[-75.749,7.614],[-75.765,7.602],[-75.788,7.46],[-75.825,7.442],[-75.818,7.416],[-75.845,7.347],[-76.386,7.394],[-76.416,7.419],[-76.453,7.501],[-76.515,7.587],[-76.486,7.689],[-76.497,7.75],[-76.483,7.758],[-76.464,7.873],[-76.421,7.912],[-76.412,8.007],[-76.428,8.02],[-76.425,8.074],[-76.409,8.074],[-76.409,8.1],[-76.375,8.112],[-76.368,8.153],[-76.331,8.151],[-76.353,8.194],[-76.303,8.285],[-76.303,8.311],[-76.243,8.37],[-76.18,8.397],[-76.219,8.444],[-76.21,8.523],[-76.237,8.554],[-76.223,8.573],[-76.265,8.584],[-76.251,8.61],[-76.266,8.639],[-76.314,8.656],[-76.346,8.64],[-76.368,8.721],[-76.42,8.755],[-76.381,8.794],[-76.414,8.874]]]},"properties":{"dpto_ccdgo":"05","dpto_cnmbr":"ANTIOQUIA"}},{"type":"Feature","geometry":{"type":"Polygon","coordinates":[[[-74.849,11.098],[-74.847,11.058],[-74.921,11.046],[-74.963,10.986],[-75.009,10.977],[-75.051,10.946],[-75.058,10.931],[-75.026,10.944],[-75.051,10.896],[-75.131,10.863],[-75.157,10.831],[-75.209,10.817],[-75.25,10.723],[-75.242,10.654],[-75.224,10.631],[-75.237,10.57],[-75.223,10.553],[-75.241,10.52],[-75.234,10.48],[-75.168,10.452],[-75.13,10.398],[-75.074,10.409],[-75.046,10.376],[-74.983,10.343],[-74.908,10.253],[-74.861,10.353],[-74.862,10.387],[-74.818,10.425],[-74.798,10.496],[-74.739,10.542],[-74.724,10.609],[-74.747,10.649],[-74.723,10.673],[-74.742,10.841],[-74.737,10.889],[-74.718,10.909],[-74.754,10.936],[-74.763,10.994],[-74.836,11.055],[-74.849,11.098]]]},"properties":{"dpto_ccdgo":"08","dpto_cnmbr":"ATLÁNTICO"}},{"type":"Feature","geometry":{"type":"Polygon","coordinates":[[[-74.071,4.829],[-74.087,4.832],[-74.087,4.796],[-74.113,4.79],[-74.126,4.729],[-74.158,4.725],[-74.177,4.703],[-74.159,4.663],[-74.223,4.629],[-74.204,4.6],[-74.184,4.596],[-74.174,4.541],[-74.188,4.529],[-74.178,4.486],[-74.218,4.361],[-74.222,4.282],[-74.206,4.269],[-74.204,4.24],[-74.232,4.217],[-74.246,4.103],[-74.266,4.092],[-74.33,4.131],[-74.375,3.986],[-74.357,3.971],[-74.36,3.914],[-74.395,3.824],[-74.451,3.75],[-74.44,3.731],[-74.402,3.737],[-74.387,3.753],[-74.394,3.77],[-74.336,3.822],[-74.297,3.819],[-74.317,3.881],[-74.298,3.883],[-74.274,3.925],[-74.256,3.928],[-74.26,3.948],[-74.217,4.011],[-74.16,4.018],[-74.151,4.005],[-74.127,4.048],[-74.131,4.116],[-74.11,4.132],[-74.11,4.182],[-74.123,4.181],[-74.153,4.255],[-74.098,4.346],[-74.112,4.433],[-74.076,4.463],[-74.073,4.513],[-74.042,4.512],[-74.03,4.558],[-74.005,4.561],[-73.986,4.629],[-74.009,4.626],[-74.031,4.646],[-74.002,4.675],[-74.018,4.768],[-74.004,4.819],[-74.071,4.829]]]},"properties":{"dpto_ccdgo":"11","dpto_cnmbr":"BOGOTÁ, D.C."}},{"type":"Feature","geometry":{"type":"MultiPolygon","coordinates":[[[[-76.173,9.388],[-76.176,9.399],[-76.191,9.385],[-76.173,9.388]]],[[[-75.753,9.739],[-75.748,9.734],[-75.74,9.738],[-75.753,9.739]]],[[[-75.87,9.784],[-75.876,9.78],[-75.869,9.781],[-75.87,9.784]]],[[[-75.859,9.786],[-75.86,9.786],[-75.859,9.785],[-75.859,9.786]]],[[[-75.854,9.795],[-75.855,9.795],[-75.854,9.794],[-75.854,9.795]]],[[[-75.857,9.796],[-75.857,9.796],[-75.857,9.795],[-75.857,9.796]]],[[[-75.855,9.796],[-75.856,9.795],[-75.855,9.796],[-75.855,9.796]]],[[[-75.853,9.797],[-75.854,9.798],[-75.854,9.796],[-75.853,9.797]]],[[[-75.851,9.805],[-75.856,9.788],[-75.828,9.79],[-75.851,9.805]]],[[[-75.728,10.146],[-75.728,10.147],[-75.729,10.146],[-75.728,10.146]]],[[[-75.691,10.149],[-75.691,10.15],[-75.691,10.149],[-75.691,10.149]]],[[[-75.69,10.15],[-75.69,10.151],[-75.691,10.15],[-75.69,10.15]]],[[[-75.691,10.151],[-75.692,10.151],[-75.692,10.15],[-75.691,10.151]]],[[[-75.69,10.151],[-75.689,10.151],[-75.69,10.151],[-75.69,10.151]]],[[[-75.674,10.161],[-75.678,10.161],[-75.676,10.161],[-75.674,10.161]]],[[[-75.776,10.163],[-75.776,10.163],[-75.776,10.163],[-75.776,10.163]]],[[[-75.667,10.163],[-75.667,10.164],[-75.667,10.163],[-75.667,10.163]]],[[[-75.66,10.164],[-75.66,10.164],[-75.66,10.164],[-75.66,10.164]]],[[[-75.671,10.164],[-75.672,10.164],[-75.672,10.161],[-75.671,10.164]]],[[[-75.664,10.165],[-75.664,10.165],[-75.663,10.165],[-75.664,10.165]]],[[[-75.655,10.165],[-75.655,10.165],[-75.655,10.165],[-75.655,10.165]]],[[[-75.662,10.166],[-75.662,10.165],[-75.662,10.165],[-75.662,10.166]]],[[[-75.663,10.166],[-75.663,10.167],[-75.664,10.167],[-75.663,10.166]]],[[[-75.667,10.167],[-75.667,10.166],[-75.666,10.167],[-75.667,10.167]]],[[[-75.796,10.169],[-75.79,10.158],[-75.783,10.159],[-75.796,10.169]]],[[[-75.653,10.171],[-75.668,10.169],[-75.669,10.164],[-75.653,10.171]]],[[[-75.768,10.176],[-75.768,10.174],[-75.767,10.174],[-75.768,10.176]]],[[[-75.759,10.176],[-75.759,10.176],[-75.758,10.176],[-75.759,10.176]]],[[[-75.771,10.178],[-75.771,10.178],[-75.771,10.177],[-75.771,10.178]]],[[[-75.772,10.178],[-75.771,10.177],[-75.771,10.178],[-75.772,10.178]]],[[[-75.77,10.178],[-75.77,10.179],[-75.77,10.179],[-75.77,10.178]]],[[[-75.766,10.179],[-75.766,10.179],[-75.766,10.179],[-75.766,10.179]]],[[[-75.758,10.179],[-75.759,10.177],[-75.758,10.177],[-75.758,10.179]]],[[[-75.754,10.179],[-75.755,10.173],[-75.751,10.176],[-75.754,10.179]]],[[[-75.777,10.18],[-75.778,10.18],[-75.777,10.179],[-75.777,10.18]]],[[[-75.75,10.18],[-75.75,10.175],[-75.749,10.181],[-75.75,10.18]]],[[[-75.776,10.178],[-75.777,10.181],[-75.776,10.178],[-75.776,10.178]]],[[[-75.775,10.181],[-75.775,10.181],[-75.775,10.181],[-75.775,10.181]]],[[[-75.749,10.182],[-75.749,10.182],[-75.749,10.182],[-75.749,10.182]]],[[[-75.717,10.183],[-75.719,10.183],[-75.716,10.182],[-75.717,10.183]]],[[[-75.722,10.183],[-75.723,10.183],[-75.723,10.182],[-75.722,10.183]]],[[[-75.737,10.184],[-75.747,10.172],[-75.724,10.181],[-75.737,10.184]]],[[[-75.718,10.184],[-75.718,10.185],[-75.718,10.184],[-75.718,10.184]]],[[[-75.727,10.184],[-75.726,10.184],[-75.727,10.185],[-75.727,10.184]]],[[[-75.728,10.185],[-75.728,10.185],[-75.728,10.184],[-75.728,10.185]]],[[[-75.737,10.185],[-75.737,10.185],[-75.737,10.185],[-75.737,10.185]]],[[[-75.737,10.185],[-75.737,10.185],[-75.738,10.185],[-75.737,10.185]]],[[[-75.58,10.31],[-75.583,10.31],[-75.58,10.305],[-75.58,10.31]]],[[[-75.578,10.315],[-75.578,10.312],[-75.575,10.313],[-75.578,10.315]]],[[[-75.575,10.381],[-75.593,10.348],[-75.582,10.318],[-75.574,10.342],[-75.549,10.336],[-75.538,10.349],[-75.552,10.356],[-75.537,10.357],[-75.575,10.381]]],[[[-75.256,10.8],[-75.271,10.779],[-75.278,10.713],[-75.394,10.683],[-75.399,10.663],[-75.452,10.628],[-75.461,10.59],[-75.513,10.571],[-75.492,10.486],[-75.566,10.397],[-75.545,10.39],[-75.549,10.422],[-75.524,10.405],[-75.537,10.394],[-75.509,10.374],[-75.503,10.301],[-75.53,10.304],[-75.544,10.281],[-75.532,10.28],[-75.561,10.263],[-75.581,10.279],[-75.579,10.3],[-75.588,10.296],[-75.584,10.262],[-75.622,10.251],[-75.586,10.226],[-75.605,10.237],[-75.654,10.164],[-75.704,10.142],[-75.669,10.138],[-75.637,10.188],[-75.638,10.177],[-75.543,10.244],[-75.523,10.237],[-75.547,10.229],[-75.546,10.217],[-75.525,10.221],[-75.521,10.173],[-75.536,10.173],[-75.538,10.188],[-75.554,10.178],[-75.545,10.16],[-75.529,10.166],[-75.564,10.124],[-75.581,10.125],[-75.574,10.086],[-75.497,10.145],[-75.543,10.04],[-75.516,10.025],[-75.491,10.038],[-75.476,10.019],[-75.48,9.978],[-75.464,9.961],[-75.469,9.925],[-75.482,9.93],[-75.466,9.892],[-75.431,9.913],[-75.428,9.893],[-75.397,9.894],[-75.422,9.884],[-75.394,9.881],[-75.377,9.849],[-75.338,9.828],[-75.36,9.738],[-75.378,9.72],[-75.374,9.631],[-75.356,9.647],[-75.327,9.617],[-75.315,9.653],[-75.276,9.686],[-75.233,9.647],[-75.165,9.646],[-75.189,9.629],[-75.181,9.602],[-75.167,9.613],[-75.133,9.596],[-75.078,9.533],[-75.04,9.54],[-75.012,9.528],[-75.029,9.51],[-75.032,9.467],[-74.967,9.434],[-74.936,9.448],[-74.891,9.431],[-74.951,9.348],[-74.933,9.328],[-74.945,9.296],[-74.926,9.279],[-74.931,9.255],[-74.905,9.23],[-74.903,9.163],[-74.863,9.148],[-74.824,9.057],[-74.782,9.038],[-74.75,9.042],[-74.737,9.016],[-74.684,9.012],[-74.639,8.977],[-74.579,8.873],[-74.586,8.841],[-74.54,8.805],[-74.611,8.756],[-74.587,8.631],[-74.595,8.592],[-74.563,8.569],[-74.577,8.544],[-74.569,8.508],[-74.535,8.481],[-74.54,8.426],[-74.577,8.386],[-74.615,8.407],[-74.614,8.347],[-74.649,8.313],[-74.653,8.279],[-74.713,8.304],[-74.727,8.281],[-74.735,8.298],[-74.764,8.295],[-74.771,8.279],[-74.809,8.274],[-74.795,8.247],[-74.833,8.212],[-74.785,8.131],[-74.729,8.118],[-74.668,8.06],[-74.603,8.038],[-74.574,7.979],[-74.539,7.947],[-74.52,7.901],[-74.525,7.783],[-74.514,7.781],[-74.507,7.723],[-74.475,7.706],[-74.476,7.682],[-74.531,7.671],[-74.561,7.646],[-74.568,7.518],[-74.59,7.511],[-74.598,7.462],[-74.491,7.343],[-74.419,7.389],[-74.412,7.46],[-74.37,7.48],[-74.323,7.447],[-74.398,7.348],[-74.387,7.279],[-74.409,7.194],[-74.37,7.125],[-74.372,7.098],[-74.351,7.082],[-74.356,7.01],[-74.322,7.019],[-74.306,6.999],[-74.277,7.012],[-74.247,7.002],[-73.916,7.296],[-73.895,7.431],[-73.913,7.494],[-73.849,7.535],[-73.829,7.602],[-73.81,7.617],[-73.818,7.643],[-73.798,7.651],[-73.832,7.73],[-73.798,7.775],[-73.822,7.823],[-73.832,7.936],[-73.866,7.977],[-73.872,8.019],[-73.861,8.079],[-73.774,8.147],[-73.78,8.208],[-73.75,8.272],[-73.76,8.3],[-73.747,8.317],[-73.758,8.334],[-73.746,8.462],[-73.774,8.497],[-73.775,8.561],[-73.82,8.653],[-73.816,8.721],[-73.789,8.749],[-73.795,8.817],[-73.867,8.887],[-73.866,8.953],[-73.894,8.978],[-73.959,8.996],[-73.978,8.984],[-74.004,8.999],[-73.985,9.01],[-74.003,9.03],[-74.027,9.026],[-74.036,9.044],[-74.057,9.019],[-74.098,9.016],[-74.113,9.041],[-74.137,9.029],[-74.141,9.041],[-74.118,9.049],[-74.135,9.064],[-74.157,9.057],[-74.177,9.089],[-74.228,9.124],[-74.22,9.136],[-74.248,9.165],[-74.298,9.16],[-74.296,9.203],[-74.349,9.233],[-74.403,9.214],[-74.436,9.274],[-74.517,9.235],[-74.566,9.314],[-74.615,9.341],[-74.618,9.372],[-74.66,9.386],[-74.672,9.413],[-74.699,9.427],[-74.732,9.419],[-74.763,9.464],[-74.806,9.447],[-74.776,9.5],[-74.807,9.547],[-74.774,9.587],[-74.777,9.626],[-74.806,9.676],[-74.788,9.697],[-74.815,9.731],[-74.805,9.762],[-74.816,9.79],[-74.882,9.873],[-74.873,9.937],[-74.82,9.967],[-74.788,10.011],[-74.848,10.085],[-74.944,10.124],[-74.911,10.254],[-74.965,10.326],[-75.074,10.409],[-75.13,10.398],[-75.168,10.452],[-75.234,10.48],[-75.241,10.52],[-75.223,10.553],[-75.237,10.57],[-75.224,10.631],[-75.242,10.654],[-75.25,10.723],[-75.22,10.777],[-75.222,10.797],[-75.256,10.8]]]]},"properties":{"dpto_ccdgo":"13","dpto_cnmbr":"BOLÍVAR"}},{"type":"Feature","geometry":{"type":"Polygon","coordinates":[[[-72.174,7.053],[-72.2,7.041],[-72.201,7.007],[-72.234,6.979],[-72.255,6.984],[-72.253,7.007],[-72.281,7.01],[-72.313,6.932],[-72.387,6.874],[-72.497,6.921],[-72.502,6.874],[-72.477,6.842],[-72.499,6.795],[-72.486,6.657],[-72.543,6.583],[-72.539,6.488],[-72.649,6.436],[-72.719,6.553],[-72.765,6.583],[-72.809,6.559],[-72.809,6.539],[-72.736,6.491],[-72.725,6.457],[-72.738,6.44],[-72.726,6.372],[-72.758,6.315],[-72.745,6.229],[-72.775,6.21],[-72.804,6.216],[-72.831,6.149],[-72.868,6.145],[-72.873,6.125],[-72.916,6.107],[-73.011,5.963],[-73.032,6.023],[-73.062,6.011],[-73.068,5.982],[-73.101,5.962],[-73.143,5.961],[-73.199,6.003],[-73.225,5.941],[-73.208,5.922],[-73.221,5.891],[-73.184,5.85],[-73.205,5.827],[-73.247,5.816],[-73.27,5.854],[-73.329,5.852],[-73.351,5.873],[-73.346,5.842],[-73.379,5.763],[-73.39,5.751],[-73.431,5.767],[-73.436,5.798],[-73.473,5.817],[-73.451,5.867],[-73.457,5.89],[-73.444,5.902],[-73.407,5.89],[-73.371,6.005],[-73.415,6.073],[-73.438,6.071],[-73.497,6.108],[-73.515,6.099],[-73.54,6.037],[-73.585,6.008],[-73.603,5.937],[-73.636,5.911],[-73.6,5.869],[-73.644,5.715],[-73.714,5.782],[-73.764,5.773],[-73.813,5.715],[-73.824,5.741],[-73.874,5.708],[-73.875,5.728],[-73.925,5.743],[-73.962,5.739],[-73.983,5.721],[-74.025,5.781],[-74.026,5.807],[-74.079,5.819],[-74.103,5.877],[-74.133,5.876],[-74.18,5.911],[-74.197,5.853],[-74.266,5.835],[-74.275,5.868],[-74.231,5.905],[-74.224,5.923],[-74.239,5.944],[-74.222,5.968],[-74.26,6.012],[-74.259,6.066],[-74.298,6.084],[-74.337,6.065],[-74.348,6.039],[-74.383,6.04],[-74.408,6.086],[-74.452,6.099],[-74.453,6.136],[-74.479,6.16],[-74.47,6.201],[-74.508,6.216],[-74.527,6.274],[-74.573,6.216],[-74.611,6.133],[-74.585,6.088],[-74.562,6.078],[-74.563,6.002],[-74.612,5.97],[-74.585,5.903],[-74.638,5.866],[-74.661,5.752],[-74.643,5.735],[-74.627,5.762],[-74.597,5.743],[-74.516,5.791],[-74.431,5.758],[-74.333,5.837],[-74.317,5.797],[-74.301,5.798],[-74.313,5.782],[-74.287,5.746],[-74.304,5.709],[-74.276,5.692],[-74.315,5.621],[-74.298,5.575],[-74.24,5.539],[-74.254,5.488],[-74.244,5.476],[-74.202,5.497],[-74.182,5.464],[-74.125,5.429],[-74.117,5.473],[-74.097,5.471],[-74.093,5.429],[-74.022,5.387],[-74.021,5.366],[-73.991,5.375],[-73.973,5.42],[-73.948,5.418],[-73.942,5.434],[-73.913,5.432],[-73.901,5.448],[-73.907,5.528],[-73.89,5.512],[-73.805,5.571],[-73.769,5.487],[-73.747,5.49],[-73.743,5.469],[-73.72,5.478],[-73.72,5.459],[-73.696,5.447],[-73.677,5.459],[-73.678,5.434],[-73.593,5.399],[-73.599,5.319],[-73.534,5.282],[-73.515,5.233],[-73.525,5.214],[-73.512,5.162],[-73.477,5.148],[-73.495,5.106],[-73.48,5.063],[-73.522,5.029],[-73.507,4.996],[-73.545,4.944],[-73.539,4.897],[-73.521,4.879],[-73.47,4.893],[-73.402,4.88],[-73.365,4.825],[-73.372,4.801],[-73.321,4.779],[-73.304,4.73],[-73.223,4.733],[-73.235,4.695],[-73.222,4.677],[-73.149,4.655],[-73.122,4.672],[-73.104,4.66],[-73.072,4.739],[-73.062,4.732],[-73.045,4.75],[-73.078,4.811],[-73.041,4.878],[-73.049,4.922],[-73.031,4.982],[-73.017,5.003],[-72.975,4.975],[-72.904,5.068],[-72.908,5.102],[-72.929,5.1],[-72.974,5.15],[-72.896,5.262],[-72.883,5.363],[-72.86,5.34],[-72.798,5.38],[-72.757,5.331],[-72.726,5.318],[-72.701,5.273],[-72.62,5.351],[-72.58,5.35],[-72.567,5.373],[-72.584,5.382],[-72.503,5.443],[-72.49,5.482],[-72.442,5.519],[-72.421,5.563],[-72.387,5.563],[-72.338,5.501],[-72.301,5.506],[-72.287,5.606],[-72.263,5.634],[-72.272,5.662],[-72.222,5.673],[-72.25,5.685],[-72.28,5.75],[-72.3,5.758],[-72.308,5.793],[-72.463,5.849],[-72.416,5.904],[-72.336,5.89],[-72.327,5.907],[-72.34,5.998],[-72.366,6.037],[-72.318,6.078],[-72.321,6.088],[-72.367,6.077],[-72.375,6.093],[-72.364,6.099],[-72.389,6.124],[-72.374,6.148],[-72.393,6.162],[-72.393,6.188],[-72.419,6.185],[-72.387,6.261],[-72.396,6.274],[-72.354,6.344],[-72.322,6.332],[-72.315,6.358],[-72.283,6.379],[-72.268,6.442],[-72.235,6.422],[-72.214,6.465],[-72.175,6.463],[-72.178,6.497],[-72.131,6.521],[-72.113,6.612],[-72.091,6.646],[-72.1,6.747],[-72.051,6.769],[-71.949,7.011],[-72.076,7.045],[-72.122,7.028],[-72.174,7.053]]]},"properties":{"dpto_ccdgo":"15","dpto_cnmbr":"BOYACÁ"}},{"type":"Feature","geometry":{"type":"Polygon","coordinates":[[[-74.672,5.771],[-74.714,5.772],[-74.729,5.706],[-74.772,5.69],[-74.873,5.748],[-74.993,5.715],[-75.011,5.681],[-75.087,5.661],[-75.099,5.642],[-75.092,5.585],[-75.13,5.553],[-75.138,5.527],[-75.221,5.503],[-75.276,5.419],[-75.283,5.476],[-75.318,5.463],[-75.311,5.509],[-75.329,5.525],[-75.34,5.603],[-75.365,5.602],[-75.383,5.622],[-75.368,5.641],[-75.377,5.674],[-75.429,5.697],[-75.478,5.664],[-75.52,5.695],[-75.535,5.691],[-75.543,5.72],[-75.599,5.737],[-75.6,5.681],[-75.572,5.665],[-75.59,5.642],[-75.571,5.521],[-75.617,5.532],[-75.689,5.519],[-75.73,5.564],[-75.786,5.54],[-75.832,5.489],[-75.865,5.502],[-75.851,5.412],[-75.861,5.372],[-75.809,5.362],[-75.725,5.397],[-75.666,5.354],[-75.648,5.308],[-75.666,5.268],[-75.693,5.255],[-75.735,5.264],[-75.749,5.285],[-75.824,5.27],[-75.802,5.2],[-75.834,5.15],[-75.837,5.115],[-75.846,5.106],[-75.892,5.131],[-75.917,5.079],[-75.922,5.042],[-75.904,5.024],[-75.892,4.962],[-75.861,4.942],[-75.867,4.933],[-75.815,4.919],[-75.792,4.938],[-75.781,5.01],[-75.747,5.047],[-75.702,4.946],[-75.656,4.946],[-75.64,4.975],[-75.623,4.971],[-75.617,4.931],[-75.565,4.938],[-75.537,4.917],[-75.48,4.916],[-75.427,4.816],[-75.375,4.803],[-75.319,4.888],[-75.352,4.941],[-75.353,4.967],[-75.318,5.015],[-75.349,5.057],[-75.345,5.081],[-75.288,5.138],[-75.235,5.126],[-75.172,5.171],[-75.116,5.161],[-75.057,5.276],[-74.939,5.313],[-74.873,5.295],[-74.827,5.319],[-74.754,5.282],[-74.734,5.287],[-74.701,5.353],[-74.707,5.371],[-74.685,5.367],[-74.685,5.4],[-74.667,5.406],[-74.676,5.438],[-74.649,5.443],[-74.675,5.515],[-74.641,5.54],[-74.653,5.575],[-74.629,5.632],[-74.627,5.696],[-74.652,5.71],[-74.672,5.771]]]},"properties":{"dpto_ccdgo":"17","dpto_cnmbr":"CALDAS"}},{"type":"Feature","geometry":{"type":"Polygon","coordinates":[[[-76.091,1.07],[-76.052,1.046],[-76.005,1.055],[-75.994,1.027],[-75.994,1.073],[-75.948,1.031],[-75.925,1.034],[-75.946,0.981],[-75.909,0.973],[-75.848,0.879],[-75.827,0.874],[-75.797,0.894],[-75.762,0.838],[-75.731,0.859],[-75.682,0.857],[-75.636,0.877],[-75.608,0.838],[-75.538,0.827],[-75.538,0.789],[-75.508,0.768],[-75.483,0.783],[-75.469,0.759],[-75.409,0.738],[-75.34,0.769],[-75.298,0.729],[-75.266,0.726],[-75.257,0.703],[-75.276,0.667],[-75.231,0.646],[-75.207,0.601],[-75.236,0.572],[-75.198,0.505],[-75.218,0.487],[-75.155,0.481],[-75.101,0.512],[-75.106,0.474],[-75.034,0.484],[-74.986,0.419],[-74.985,0.4],[-75.017,0.383],[-75.007,0.342],[-74.98,0.315],[-75.011,0.291],[-75.004,0.273],[-74.959,0.242],[-74.893,0.249],[-74.841,0.213],[-74.737,0.21],[-74.681,0.165],[-74.675,0.1],[-74.713,0.094],[-74.656,0.066],[-74.705,0.04],[-74.656,-0.012],[-74.678,-0.06],[-74.646,-0.038],[-74.617,-0.056],[-74.632,-0.088],[-74.53,-0.126],[-74.535,-0.095],[-74.519,-0.089],[-74.493,-0.138],[-74.475,-0.13],[-74.454,-0.071],[-74.423,-0.098],[-74.446,-0.14],[-74.402,-0.114],[-74.342,-0.11],[-74.306,-0.146],[-74.266,-0.144],[-74.288,-0.202],[-74.234,-0.238],[-74.218,-0.21],[-74.2,-0.21],[-74.181,-0.264],[-74.158,-0.263],[-74.135,-0.234],[-74.112,-0.235],[-74.082,-0.28],[-74.045,-0.275],[-74.038,-0.306],[-74.007,-0.341],[-73.881,-0.37],[-73.818,-0.411],[-73.763,-0.407],[-73.735,-0.382],[-73.714,-0.383],[-73.686,-0.418],[-73.639,-0.419],[-73.651,-0.457],[-73.608,-0.439],[-73.585,-0.449],[-73.568,-0.517],[-73.533,-0.488],[-73.51,-0.524],[-73.43,-0.511],[-73.379,-0.536],[-73.332,-0.506],[-73.203,-0.626],[-73.121,-0.604],[-73.075,-0.621],[-73.053,-0.547],[-73.016,-0.527],[-72.959,-0.559],[-72.937,-0.606],[-72.917,-0.616],[-72.816,-0.599],[-72.75,-0.555],[-72.741,-0.58],[-72.678,-0.616],[-72.674,-0.635],[-72.563,-0.706],[-72.425,-0.562],[-72.408,-0.568],[-72.394,-0.614],[-72.305,-0.651],[-72.243,-0.605],[-72.231,-0.493],[-72.173,-0.444],[-72.148,-0.395],[-72.153,-0.355],[-72.063,-0.325],[-72.042,-0.269],[-71.831,-0.276],[-71.743,-0.252],[-71.729,-0.231],[-71.711,-0.232],[-71.736,-0.155],[-71.701,-0.097],[-71.705,-0.067],[-71.593,-0.014],[-71.577,0.016],[-71.547,0.021],[-71.454,-0.012],[-71.448,0.003],[-71.4,0.006],[-71.371,0.031],[-71.328,0.019],[-71.271,0.035],[-71.254,0.06],[-71.297,0.071],[-71.29,0.096],[-71.329,0.113],[-71.321,0.136],[-71.335,0.155],[-71.342,0.138],[-71.365,0.145],[-71.373,0.172],[-71.4,0.186],[-71.409,0.151],[-71.45,0.139],[-71.47,0.153],[-71.456,0.174],[-71.474,0.185],[-71.497,0.133],[-71.536,0.122],[-71.531,0.165],[-71.59,0.166],[-71.56,0.216],[-71.606,0.183],[-71.636,0.183],[-71.617,0.193],[-71.624,0.216],[-71.644,0.21],[-71.698,0.237],[-71.726,0.281],[-71.701,0.3],[-71.705,0.318],[-71.737,0.286],[-71.754,0.332],[-71.789,0.336],[-71.767,0.37],[-71.815,0.374],[-71.802,0.355],[-71.823,0.339],[-71.851,0.35],[-71.823,0.406],[-71.847,0.414],[-71.859,0.457],[-71.887,0.469],[-71.89,0.448],[-71.921,0.453],[-71.901,0.472],[-71.929,0.487],[-71.913,0.516],[-71.939,0.57],[-71.953,0.54],[-72.012,0.596],[-71.981,0.631],[-71.995,0.633],[-71.998,0.657],[-72.084,0.658],[-72.07,0.693],[-72.11,0.705],[-72.127,0.74],[-72.14,0.718],[-72.163,0.734],[-72.164,0.713],[-72.191,0.727],[-72.2,0.702],[-72.22,0.706],[-72.222,0.747],[-72.249,0.789],[-72.27,0.794],[-72.27,0.763],[-72.31,0.809],[-72.287,0.819],[-72.301,0.841],[-72.292,0.878],[-72.324,0.875],[-72.328,0.84],[-72.344,0.869],[-72.332,0.879],[-72.347,0.903],[-72.34,0.927],[-72.354,0.935],[-72.392,0.919],[-72.377,0.96],[-72.4,0.967],[-72.41,0.987],[-72.399,1.004],[-72.456,1.08],[-72.511,1.068],[-72.623,1.136],[-72.647,1.181],[-72.662,1.151],[-72.726,1.186],[-72.723,1.15],[-72.739,1.151],[-72.75,1.129],[-72.778,1.148],[-72.771,1.182],[-72.824,1.178],[-72.827,1.149],[-72.859,1.165],[-72.85,1.143],[-72.872,1.135],[-72.85,1.105],[-72.884,1.099],[-72.869,1.087],[-72.883,1.07],[-72.861,1.072],[-72.858,1.042],[-72.879,1.046],[-72.865,1.042],[-72.867,1.024],[-72.932,1.015],[-72.937,0.984],[-72.996,0.952],[-72.987,0.929],[-73.006,0.933],[-73.01,0.911],[-73.027,0.921],[-73.038,0.902],[-73.052,0.912],[-73.078,0.894],[-73.109,0.924],[-73.145,0.92],[-73.147,0.943],[-73.164,0.94],[-73.19,0.967],[-73.173,0.982],[-73.179,1.0],[-73.235,1.009],[-73.252,1.049],[-73.279,1.047],[-73.282,1.067],[-73.341,1.099],[-73.344,1.123],[-73.397,1.153],[-73.393,1.172],[-73.421,1.191],[-73.407,1.206],[-73.424,1.224],[-73.409,1.241],[-73.432,1.259],[-73.428,1.296],[-73.456,1.295],[-73.472,1.358],[-73.548,1.406],[-73.547,1.438],[-73.658,1.576],[-73.657,1.618],[-74.04,1.971],[-74.105,1.973],[-74.15,1.997],[-74.153,1.98],[-74.19,1.985],[-74.242,2.056],[-74.362,2.06],[-74.393,2.084],[-74.462,2.089],[-74.484,2.11],[-74.485,2.149],[-74.539,2.11],[-74.551,2.132],[-74.58,2.125],[-74.604,2.157],[-74.589,2.17],[-74.592,2.202],[-74.611,2.208],[-74.627,2.192],[-74.665,2.211],[-74.65,2.24],[-74.701,2.272],[-74.693,2.284],[-74.709,2.284],[-74.716,2.263],[-74.73,2.28],[-74.748,2.274],[-74.734,2.347],[-74.693,2.42],[-74.673,2.425],[-74.663,2.488],[-74.647,2.494],[-74.677,2.524],[-74.682,2.558],[-74.586,2.665],[-74.637,2.701],[-74.618,2.754],[-74.643,2.756],[-74.667,2.805],[-74.673,2.888],[-74.769,2.873],[-74.8,2.938],[-74.837,2.909],[-74.878,2.915],[-74.911,2.884],[-74.936,2.909],[-75.07,2.742],[-75.147,2.722],[-75.154,2.704],[-75.133,2.691],[-75.156,2.645],[-75.133,2.595],[-75.154,2.581],[-75.181,2.508],[-75.227,2.512],[-75.251,2.444],[-75.28,2.423],[-75.31,2.362],[-75.33,2.365],[-75.348,2.324],[-75.389,2.313],[-75.41,2.246],[-75.44,2.221],[-75.426,2.188],[-75.442,2.147],[-75.535,2.118],[-75.588,2.011],[-75.641,1.958],[-75.652,1.901],[-75.69,1.879],[-75.731,1.823],[-75.737,1.782],[-75.83,1.747],[-75.844,1.723],[-75.912,1.712],[-75.953,1.664],[-75.98,1.658],[-75.981,1.624],[-76.034,1.583],[-76.075,1.585],[-76.12,1.552],[-76.17,1.588],[-76.149,1.537],[-76.184,1.488],[-76.176,1.451],[-76.201,1.422],[-76.203,1.354],[-76.223,1.338],[-76.214,1.321],[-76.303,1.236],[-76.289,1.206],[-76.303,1.177],[-76.285,1.171],[-76.28,1.138],[-76.26,1.123],[-76.184,1.105],[-76.16,1.116],[-76.091,1.07]]]},"properties":{"dpto_ccdgo":"18","dpto_cnmbr":"CAQUETÁ"}},{"type":"Feature","geometry":{"type":"Polygon","coordinates":[[[-76.459,3.329],[-76.468,3.311],[-76.478,3.319],[-76.477,3.294],[-76.489,3.305],[-76.494,3.293],[-76.475,3.288],[-76.487,3.282],[-76.46,3.256],[-76.476,3.258],[-76.462,3.249],[-76.477,3.233],[-76.465,3.228],[-76.498,3.202],[-76.487,3.174],[-76.508,3.157],[-76.501,3.144],[-76.52,3.15],[-76.518,3.134],[-76.533,3.136],[-76.513,3.121],[-76.531,3.124],[-76.556,3.099],[-76.573,3.129],[-76.598,3.092],[-76.624,3.102],[-76.63,3.128],[-76.666,3.098],[-76.733,3.125],[-76.75,3.146],[-76.739,3.186],[-76.773,3.234],[-76.809,3.208],[-76.908,3.201],[-76.915,3.149],[-76.939,3.114],[-76.972,3.119],[-76.997,3.155],[-77.087,3.186],[-77.13,3.161],[-77.159,3.174],[-77.234,3.108],[-77.245,3.126],[-77.252,3.115],[-77.262,3.135],[-77.288,3.139],[-77.28,3.159],[-77.317,3.174],[-77.347,3.14],[-77.366,3.147],[-77.382,3.203],[-77.43,3.254],[-77.471,3.237],[-77.472,3.212],[-77.498,3.216],[-77.505,3.187],[-77.543,3.214],[-77.573,3.144],[-77.626,3.078],[-77.653,3.065],[-77.691,3.001],[-77.702,2.973],[-77.682,2.992],[-77.667,2.984],[-77.672,2.936],[-77.692,2.914],[-77.716,2.831],[-77.764,2.796],[-77.736,2.788],[-77.751,2.764],[-77.794,2.756],[-77.786,2.692],[-77.809,2.685],[-77.843,2.704],[-77.846,2.692],[-77.873,2.698],[-77.908,2.68],[-77.906,2.646],[-77.928,2.64],[-77.915,2.57],[-77.925,2.482],[-77.918,2.412],[-77.848,2.261],[-77.849,2.191],[-77.781,2.148],[-77.734,2.134],[-77.646,2.169],[-77.604,2.165],[-77.556,2.203],[-77.488,2.195],[-77.472,2.241],[-77.479,2.274],[-77.459,2.286],[-77.386,2.256],[-77.356,2.26],[-77.308,2.196],[-77.318,2.182],[-77.308,2.106],[-77.334,2.051],[-77.259,1.994],[-77.221,1.988],[-77.203,1.952],[-77.218,1.917],[-77.245,1.911],[-77.256,1.87],[-77.289,1.849],[-77.31,1.804],[-77.295,1.766],[-77.331,1.682],[-77.239,1.657],[-77.151,1.686],[-77.138,1.655],[-77.072,1.669],[-77.057,1.699],[-77.026,1.714],[-76.998,1.707],[-76.936,1.729],[-76.902,1.662],[-76.834,1.61],[-76.858,1.564],[-76.859,1.522],[-76.929,1.5],[-76.921,1.346],[-76.887,1.372],[-76.697,1.444],[-76.677,1.466],[-76.646,1.456],[-76.574,1.386],[-76.584,1.344],[-76.571,1.328],[-76.586,1.301],[-76.566,1.239],[-76.537,1.209],[-76.549,1.123],[-76.568,1.103],[-76.545,1.038],[-76.493,1.028],[-76.426,0.96],[-76.371,0.984],[-76.335,0.981],[-76.329,0.958],[-76.295,0.961],[-76.276,0.984],[-76.236,0.965],[-76.236,0.982],[-76.191,0.993],[-76.209,1.005],[-76.203,1.018],[-76.183,1.013],[-76.184,1.026],[-76.125,1.007],[-76.075,1.028],[-76.093,1.05],[-76.081,1.065],[-76.101,1.068],[-76.124,1.101],[-76.26,1.122],[-76.28,1.138],[-76.285,1.171],[-76.303,1.177],[-76.289,1.206],[-76.303,1.236],[-76.214,1.32],[-76.223,1.338],[-76.203,1.354],[-76.201,1.422],[-76.176,1.451],[-76.184,1.488],[-76.149,1.536],[-76.152,1.563],[-76.17,1.588],[-76.183,1.574],[-76.202,1.579],[-76.212,1.641],[-76.242,1.683],[-76.272,1.675],[-76.305,1.69],[-76.326,1.663],[-76.377,1.664],[-76.372,1.743],[-76.418,1.717],[-76.435,1.792],[-76.511,1.833],[-76.53,1.824],[-76.59,1.868],[-76.579,1.899],[-76.619,1.927],[-76.61,1.947],[-76.625,1.972],[-76.573,2.02],[-76.586,2.035],[-76.577,2.057],[-76.591,2.107],[-76.553,2.14],[-76.487,2.129],[-76.467,2.1],[-76.431,2.12],[-76.434,2.187],[-76.405,2.201],[-76.374,2.279],[-76.299,2.282],[-76.209,2.198],[-76.148,2.201],[-76.121,2.225],[-76.146,2.294],[-76.12,2.391],[-76.089,2.416],[-76.033,2.403],[-76.022,2.444],[-75.977,2.504],[-75.924,2.481],[-75.887,2.425],[-75.862,2.428],[-75.853,2.455],[-75.814,2.484],[-75.838,2.567],[-75.791,2.63],[-75.789,2.658],[-75.758,2.681],[-75.748,2.72],[-75.754,2.745],[-75.806,2.768],[-75.806,2.819],[-75.825,2.838],[-75.879,2.834],[-76.029,2.94],[-76.021,3.004],[-76.041,3.016],[-76.045,3.043],[-76.073,3.05],[-76.082,3.09],[-76.105,3.101],[-76.074,3.122],[-76.092,3.198],[-76.069,3.195],[-76.055,3.223],[-76.068,3.211],[-76.156,3.236],[-76.191,3.227],[-76.229,3.277],[-76.343,3.281],[-76.459,3.329]]]},"properties":{"dpto_ccdgo":"19","dpto_cnmbr":"CAUCA"}},{"type":"Feature","geometry":{"type":"Polygon","coordinates":[[[-73.453,10.868],[-73.585,10.842],[-73.639,10.802],[-73.639,10.788],[-73.589,10.782],[-73.542,10.755],[-73.562,10.741],[-73.563,10.716],[-73.594,10.705],[-73.617,10.645],[-73.595,10.631],[-73.596,10.585],[-73.613,10.564],[-73.57,10.542],[-73.563,10.504],[-73.64,10.501],[-73.652,10.46],[-73.703,10.464],[-73.704,10.43],[-73.741,10.436],[-73.779,10.396],[-73.818,10.385],[-73.831,10.403],[-73.917,10.378],[-73.961,10.337],[-73.965,10.288],[-74.041,10.22],[-74.066,10.167],[-74.067,10.098],[-74.083,10.067],[-74.012,9.976],[-74.002,9.94],[-73.953,9.927],[-73.895,9.832],[-73.842,9.797],[-73.827,9.753],[-73.839,9.731],[-73.81,9.696],[-73.803,9.636],[-73.868,9.601],[-73.893,9.616],[-73.989,9.58],[-74.004,9.595],[-74.037,9.591],[-74.139,9.494],[-73.978,9.389],[-73.992,9.324],[-73.943,9.29],[-73.962,9.188],[-73.893,9.174],[-73.867,9.183],[-73.875,9.131],[-73.798,9.057],[-73.873,8.912],[-73.86,8.879],[-73.795,8.817],[-73.789,8.749],[-73.816,8.721],[-73.818,8.639],[-73.775,8.561],[-73.774,8.497],[-73.746,8.462],[-73.758,8.334],[-73.747,8.317],[-73.76,8.3],[-73.75,8.272],[-73.78,8.208],[-73.77,8.117],[-73.791,8.103],[-73.721,8.011],[-73.724,7.968],[-73.674,7.942],[-73.671,7.904],[-73.751,7.82],[-73.737,7.784],[-73.762,7.76],[-73.588,7.741],[-73.491,7.674],[-73.403,7.724],[-73.343,7.812],[-73.352,7.892],[-73.303,7.907],[-73.275,7.958],[-73.282,7.993],[-73.298,7.985],[-73.309,8.016],[-73.367,8.013],[-73.378,8.106],[-73.43,8.123],[-73.428,8.181],[-73.449,8.193],[-73.429,8.225],[-73.441,8.257],[-73.374,8.266],[-73.377,8.311],[-73.351,8.331],[-73.342,8.436],[-73.37,8.459],[-73.414,8.459],[-73.393,8.382],[-73.434,8.365],[-73.442,8.341],[-73.488,8.384],[-73.53,8.381],[-73.473,8.447],[-73.478,8.47],[-73.523,8.483],[-73.548,8.471],[-73.577,8.506],[-73.515,8.529],[-73.547,8.564],[-73.552,8.607],[-73.522,8.638],[-73.505,8.688],[-73.472,8.707],[-73.463,8.745],[-73.415,8.766],[-73.448,8.863],[-73.426,8.9],[-73.437,8.91],[-73.439,8.989],[-73.412,9.053],[-73.429,9.102],[-73.412,9.154],[-73.372,9.158],[-73.356,9.216],[-73.333,9.213],[-73.298,9.267],[-73.289,9.315],[-73.264,9.328],[-73.261,9.371],[-73.187,9.447],[-73.203,9.469],[-73.174,9.48],[-73.177,9.501],[-73.145,9.543],[-73.085,9.557],[-73.055,9.678],[-72.944,9.843],[-72.993,9.876],[-72.977,9.889],[-72.982,9.916],[-72.999,9.923],[-72.953,10.027],[-72.955,10.066],[-72.911,10.112],[-72.922,10.138],[-72.897,10.218],[-72.908,10.344],[-72.886,10.385],[-72.901,10.436],[-72.987,10.4],[-73.084,10.426],[-73.144,10.398],[-73.142,10.437],[-73.182,10.466],[-73.168,10.492],[-73.145,10.499],[-73.138,10.53],[-73.123,10.527],[-73.095,10.558],[-73.082,10.629],[-73.104,10.674],[-73.146,10.692],[-73.157,10.716],[-73.208,10.707],[-73.237,10.74],[-73.278,10.726],[-73.252,10.804],[-73.28,10.857],[-73.312,10.846],[-73.338,10.863],[-73.453,10.868]]]},"properties":{"dpto_ccdgo":"20","dpto_cnmbr":"CESAR"}},{"type":"Feature","geometry":{"type":"Polygon","coordinates":[[[-75.881,9.424],[-75.923,9.448],[-75.946,9.443],[-75.978,9.376],[-76.085,9.335],[-76.11,9.304],[-76.107,9.266],[-76.17,9.23],[-76.187,9.119],[-76.251,9.058],[-76.264,8.998],[-76.323,8.957],[-76.338,8.92],[-76.417,8.888],[-76.381,8.794],[-76.42,8.755],[-76.368,8.721],[-76.346,8.64],[-76.314,8.656],[-76.266,8.639],[-76.251,8.61],[-76.265,8.584],[-76.223,8.573],[-76.237,8.554],[-76.21,8.523],[-76.219,8.444],[-76.18,8.397],[-76.243,8.37],[-76.303,8.311],[-76.303,8.285],[-76.353,8.194],[-76.331,8.151],[-76.368,8.153],[-76.375,8.112],[-76.409,8.1],[-76.409,8.074],[-76.425,8.074],[-76.428,8.02],[-76.412,8.007],[-76.421,7.912],[-76.464,7.873],[-76.483,7.758],[-76.497,7.75],[-76.486,7.689],[-76.515,7.587],[-76.453,7.501],[-76.416,7.419],[-76.384,7.392],[-75.845,7.347],[-75.818,7.416],[-75.825,7.442],[-75.788,7.46],[-75.765,7.602],[-75.743,7.612],[-75.712,7.581],[-75.671,7.598],[-75.605,7.586],[-75.601,7.602],[-75.553,7.627],[-75.534,7.723],[-75.489,7.73],[-75.454,7.798],[-75.466,7.828],[-75.422,7.819],[-75.404,7.858],[-75.347,7.875],[-75.329,7.927],[-75.337,7.948],[-75.309,7.947],[-75.244,8.008],[-75.236,8.029],[-75.247,8.042],[-75.227,8.063],[-75.188,8.044],[-75.134,8.054],[-75.126,8.04],[-75.093,8.071],[-75.047,8.042],[-74.968,8.091],[-74.928,8.075],[-74.867,8.159],[-74.868,8.196],[-74.831,8.2],[-74.833,8.223],[-74.795,8.247],[-74.809,8.274],[-74.781,8.278],[-74.801,8.296],[-74.796,8.328],[-74.828,8.36],[-74.804,8.369],[-74.806,8.383],[-74.852,8.385],[-74.9,8.454],[-74.927,8.453],[-74.926,8.5],[-75.006,8.523],[-75.033,8.499],[-75.041,8.458],[-75.128,8.468],[-75.136,8.43],[-75.157,8.433],[-75.185,8.397],[-75.211,8.425],[-75.192,8.443],[-75.216,8.485],[-75.232,8.468],[-75.241,8.487],[-75.314,8.502],[-75.304,8.518],[-75.33,8.553],[-75.318,8.59],[-75.36,8.68],[-75.349,8.701],[-75.337,8.696],[-75.343,8.715],[-75.324,8.756],[-75.369,8.791],[-75.372,8.827],[-75.332,8.866],[-75.3,8.858],[-75.293,8.897],[-75.273,8.914],[-75.245,8.882],[-75.217,8.916],[-75.186,8.914],[-75.188,8.944],[-75.172,8.928],[-75.156,8.944],[-75.188,8.967],[-75.224,9.073],[-75.281,9.073],[-75.299,9.083],[-75.294,9.096],[-75.31,9.089],[-75.31,9.118],[-75.382,9.138],[-75.391,9.161],[-75.449,9.14],[-75.467,9.165],[-75.454,9.176],[-75.466,9.209],[-75.457,9.238],[-75.5,9.26],[-75.496,9.285],[-75.512,9.258],[-75.609,9.281],[-75.588,9.303],[-75.6,9.325],[-75.649,9.362],[-75.68,9.345],[-75.704,9.372],[-75.701,9.414],[-75.746,9.421],[-75.784,9.393],[-75.825,9.393],[-75.834,9.408],[-75.792,9.41],[-75.794,9.429],[-75.881,9.424]]]},"properties":{"dpto_ccdgo":"23","dpto_cnmbr":"CÓRDOBA"}},{"type":"Feature","geometry":{"type":"Polygon","coordinates":[[[-74.328,5.824],[-74.345,5.832],[-74.385,5.784],[-74.431,5.758],[-74.516,5.791],[-74.597,5.743],[-74.627,5.762],[-74.643,5.735],[-74.661,5.752],[-74.652,5.71],[-74.627,5.696],[-74.629,5.632],[-74.653,5.575],[-74.641,5.54],[-74.675,5.515],[-74.649,5.443],[-74.676,5.438],[-74.667,5.406],[-74.685,5.4],[-74.685,5.367],[-74.707,5.371],[-74.701,5.353],[-74.734,5.287],[-74.723,5.24],[-74.735,5.205],[-74.714,5.182],[-74.732,5.143],[-74.717,5.101],[-74.743,5.007],[-74.706,4.981],[-74.749,4.958],[-74.732,4.894],[-74.755,4.886],[-74.77,4.843],[-74.744,4.823],[-74.744,4.788],[-74.819,4.726],[-74.801,4.702],[-74.807,4.669],[-74.786,4.653],[-74.816,4.612],[-74.794,4.592],[-74.815,4.585],[-74.786,4.506],[-74.807,4.453],[-74.833,4.443],[-74.856,4.335],[-74.883,4.317],[-74.873,4.307],[-74.891,4.289],[-74.877,4.265],[-74.813,4.294],[-74.779,4.284],[-74.767,4.251],[-74.751,4.259],[-74.746,4.237],[-74.734,4.248],[-74.681,4.201],[-74.659,4.216],[-74.652,4.2],[-74.625,4.225],[-74.62,4.252],[-74.589,4.267],[-74.563,4.272],[-74.519,4.24],[-74.475,4.128],[-74.53,4.045],[-74.531,3.968],[-74.511,3.946],[-74.539,3.845],[-74.49,3.818],[-74.45,3.819],[-74.464,3.742],[-74.45,3.73],[-74.36,3.914],[-74.357,3.971],[-74.375,3.986],[-74.33,4.131],[-74.266,4.092],[-74.246,4.103],[-74.232,4.217],[-74.204,4.24],[-74.206,4.269],[-74.222,4.282],[-74.212,4.393],[-74.175,4.507],[-74.188,4.529],[-74.174,4.541],[-74.184,4.596],[-74.224,4.626],[-74.194,4.655],[-74.159,4.663],[-74.177,4.703],[-74.158,4.725],[-74.126,4.729],[-74.113,4.79],[-74.08,4.809],[-74.087,4.832],[-74.004,4.819],[-74.018,4.768],[-74.002,4.675],[-74.031,4.646],[-74.009,4.626],[-73.986,4.629],[-74.005,4.561],[-74.03,4.558],[-74.042,4.512],[-74.073,4.513],[-74.076,4.463],[-74.112,4.433],[-74.098,4.346],[-74.153,4.255],[-74.109,4.17],[-74.11,4.132],[-74.131,4.116],[-74.125,4.058],[-74.15,4.009],[-74.137,4.0],[-74.1,4.013],[-74.064,4.061],[-74.035,4.061],[-74.036,4.082],[-74.006,4.11],[-73.96,4.096],[-73.933,4.149],[-73.896,4.143],[-73.861,4.172],[-73.826,4.168],[-73.809,4.204],[-73.743,4.198],[-73.76,4.236],[-73.744,4.266],[-73.784,4.302],[-73.807,4.422],[-73.783,4.448],[-73.738,4.461],[-73.739,4.486],[-73.714,4.515],[-73.622,4.562],[-73.568,4.526],[-73.603,4.457],[-73.573,4.42],[-73.55,4.308],[-73.472,4.276],[-73.43,4.306],[-73.354,4.321],[-73.204,4.273],[-73.137,4.213],[-73.053,4.736],[-73.072,4.739],[-73.106,4.66],[-73.122,4.672],[-73.149,4.655],[-73.221,4.677],[-73.235,4.695],[-73.222,4.733],[-73.306,4.731],[-73.321,4.779],[-73.372,4.801],[-73.365,4.825],[-73.402,4.88],[-73.47,4.893],[-73.521,4.879],[-73.539,4.897],[-73.545,4.944],[-73.507,4.996],[-73.522,5.029],[-73.48,5.063],[-73.495,5.106],[-73.477,5.148],[-73.512,5.162],[-73.525,5.214],[-73.515,5.233],[-73.534,5.282],[-73.599,5.319],[-73.593,5.399],[-73.678,5.434],[-73.677,5.459],[-73.696,5.447],[-73.72,5.459],[-73.72,5.478],[-73.743,5.469],[-73.747,5.49],[-73.769,5.487],[-73.805,5.571],[-73.89,5.512],[-73.908,5.527],[-73.901,5.448],[-73.913,5.432],[-73.942,5.434],[-73.948,5.418],[-73.973,5.419],[-73.999,5.367],[-74.022,5.367],[-74.022,5.387],[-74.075,5.41],[-74.098,5.44],[-74.097,5.471],[-74.117,5.473],[-74.125,5.429],[-74.182,5.464],[-74.204,5.498],[-74.245,5.476],[-74.256,5.5],[-74.243,5.545],[-74.298,5.575],[-74.315,5.621],[-74.276,5.692],[-74.304,5.71],[-74.287,5.746],[-74.313,5.782],[-74.301,5.798],[-74.317,5.797],[-74.328,5.824]]]},"properties":{"dpto_ccdgo":"25","dpto_cnmbr":"CUNDINAMARCA"}},{"type":"Feature","geometry":{"type":"Polygon","coordinates":[[[-77.37,6.348],[-77.399,6.229],[-77.474,6.297],[-77.482,6.184],[-77.432,6.102],[-77.373,6.044],[-77.364,5.999],[-77.353,5.999],[-77.364,6.059],[-77.352,6.046],[-77.307,5.919],[-77.307,5.874],[-77.295,5.874],[-77.291,5.843],[-77.277,5.846],[-77.252,5.789],[-77.249,5.811],[-77.243,5.767],[-77.256,5.784],[-77.264,5.716],[-77.3,5.669],[-77.317,5.669],[-77.342,5.617],[-77.371,5.608],[-77.389,5.63],[-77.414,5.63],[-77.458,5.597],[-77.493,5.605],[-77.507,5.529],[-77.539,5.481],[-77.493,5.469],[-77.454,5.489],[-77.43,5.468],[-77.428,5.437],[-77.408,5.454],[-77.39,5.444],[-77.387,5.392],[-77.413,5.403],[-77.388,5.288],[-77.397,5.169],[-77.384,5.152],[-77.376,4.948],[-77.348,4.808],[-77.33,4.798],[-77.348,4.772],[-77.309,4.782],[-77.3,4.747],[-77.328,4.74],[-77.336,4.536],[-77.323,4.523],[-77.34,4.512],[-77.352,4.422],[-77.338,4.429],[-77.366,4.408],[-77.367,4.37],[-77.387,4.369],[-77.376,4.389],[-77.426,4.319],[-77.456,4.313],[-77.414,4.293],[-77.485,4.258],[-77.5,4.263],[-77.484,4.293],[-77.517,4.276],[-77.531,4.201],[-77.525,4.126],[-77.45,4.039],[-77.429,4.093],[-77.436,4.146],[-77.39,4.148],[-77.353,4.197],[-77.305,4.166],[-77.279,4.223],[-77.253,4.234],[-77.25,4.188],[-77.223,4.157],[-77.16,4.184],[-77.105,4.108],[-77.086,4.123],[-77.068,4.096],[-77.036,4.091],[-77.005,4.099],[-76.995,4.12],[-76.954,4.121],[-76.915,4.098],[-76.867,4.032],[-76.823,4.033],[-76.815,4.007],[-76.794,4.011],[-76.768,3.989],[-76.682,3.965],[-76.625,4.015],[-76.589,3.994],[-76.59,3.97],[-76.537,4.016],[-76.542,4.044],[-76.524,4.067],[-76.494,4.07],[-76.445,4.176],[-76.455,4.229],[-76.487,4.236],[-76.527,4.289],[-76.528,4.324],[-76.562,4.37],[-76.555,4.399],[-76.482,4.414],[-76.418,4.448],[-76.383,4.493],[-76.365,4.492],[-76.404,4.535],[-76.381,4.56],[-76.345,4.562],[-76.319,4.608],[-76.286,4.712],[-76.312,4.751],[-76.213,4.829],[-76.141,4.84],[-76.114,4.89],[-76.131,4.911],[-76.1,4.917],[-76.089,4.946],[-76.097,5.032],[-76.077,5.048],[-76.06,5.136],[-76.132,5.183],[-76.142,5.233],[-76.174,5.26],[-76.211,5.349],[-76.191,5.415],[-76.178,5.401],[-76.152,5.408],[-76.085,5.45],[-76.075,5.547],[-76.007,5.574],[-76.005,5.622],[-76.087,5.689],[-76.061,5.758],[-76.081,5.767],[-76.071,5.781],[-76.099,5.849],[-76.082,5.883],[-76.06,5.886],[-76.051,5.951],[-76.105,6.018],[-76.144,5.998],[-76.173,6.017],[-76.197,6.08],[-76.201,6.16],[-76.238,6.208],[-76.39,6.191],[-76.42,6.166],[-76.469,6.177],[-76.482,6.161],[-76.584,6.193],[-76.688,6.162],[-76.72,6.176],[-76.723,6.237],[-76.759,6.257],[-76.749,6.28],[-76.783,6.291],[-76.79,6.322],[-76.778,6.329],[-76.79,6.347],[-76.771,6.364],[-76.787,6.378],[-76.765,6.389],[-76.796,6.418],[-76.762,6.432],[-76.796,6.444],[-76.767,6.477],[-76.8,6.508],[-76.82,6.487],[-76.819,6.525],[-76.841,6.521],[-76.864,6.571],[-76.883,6.56],[-76.895,6.57],[-76.89,6.605],[-76.858,6.618],[-76.909,6.629],[-76.898,6.668],[-76.925,6.647],[-76.939,6.686],[-76.964,6.68],[-76.934,6.711],[-76.967,6.743],[-76.958,6.793],[-76.972,6.809],[-76.934,6.812],[-76.917,6.845],[-76.9,6.829],[-76.878,6.852],[-76.835,6.829],[-76.818,6.838],[-76.831,6.859],[-76.792,6.866],[-76.8,6.949],[-76.813,6.964],[-76.828,6.956],[-76.819,6.976],[-76.843,6.988],[-76.83,7.003],[-76.676,7.03],[-76.645,7.008],[-76.616,7.017],[-76.603,7.0],[-76.593,7.012],[-76.571,6.98],[-76.548,7.002],[-76.508,7.139],[-76.484,7.133],[-76.53,7.255],[-76.579,7.304],[-76.618,7.315],[-76.661,7.448],[-76.801,7.572],[-76.943,7.589],[-76.96,7.641],[-77.122,7.788],[-77.126,7.83],[-77.095,7.825],[-77.031,7.88],[-77.012,7.934],[-77.021,7.949],[-77.0,7.958],[-76.996,8.021],[-76.939,8.063],[-76.956,8.123],[-76.949,8.172],[-76.98,8.255],[-77.04,8.257],[-77.131,8.412],[-77.249,8.472],[-77.275,8.506],[-77.288,8.575],[-77.343,8.625],[-77.369,8.678],[-77.365,8.641],[-77.409,8.644],[-77.391,8.585],[-77.418,8.588],[-77.41,8.566],[-77.439,8.56],[-77.441,8.523],[-77.456,8.509],[-77.448,8.473],[-77.402,8.476],[-77.359,8.401],[-77.35,8.298],[-77.333,8.273],[-77.3,8.281],[-77.281,8.217],[-77.261,8.21],[-77.248,8.175],[-77.257,8.158],[-77.227,8.137],[-77.217,8.088],[-77.234,8.025],[-77.166,7.974],[-77.182,7.955],[-77.159,7.932],[-77.176,7.917],[-77.257,7.92],[-77.325,7.896],[-77.337,7.857],[-77.369,7.828],[-77.339,7.766],[-77.391,7.76],[-77.443,7.657],[-77.47,7.651],[-77.489,7.57],[-77.525,7.572],[-77.563,7.507],[-77.607,7.541],[-77.646,7.652],[-77.697,7.693],[-77.729,7.695],[-77.749,7.613],[-77.701,7.506],[-77.74,7.466],[-77.792,7.461],[-77.884,7.217],[-77.855,7.181],[-77.836,7.178],[-77.822,7.148],[-77.779,7.133],[-77.659,6.995],[-77.662,6.952],[-77.699,6.939],[-77.712,6.884],[-77.702,6.842],[-77.689,6.835],[-77.685,6.871],[-77.667,6.876],[-77.657,6.854],[-77.587,6.819],[-77.531,6.695],[-77.541,6.687],[-77.527,6.648],[-77.518,6.661],[-77.504,6.651],[-77.506,6.684],[-77.472,6.704],[-77.406,6.687],[-77.4,6.621],[-77.371,6.602],[-77.369,6.582],[-77.331,6.564],[-77.338,6.508],[-77.36,6.487],[-77.352,6.459],[-77.376,6.425],[-77.356,6.399],[-77.413,6.381],[-77.379,6.368],[-77.37,6.348]]]},"properties":{"dpto_ccdgo":"27","dpto_cnmbr":"CHOCÓ"}},{"type":"Feature","geometry":{"type":"Polygon","coordinates":[[[-74.519,3.836],[-74.535,3.843],[-74.558,3.767],[-74.591,3.729],[-74.675,3.672],[-74.701,3.616],[-74.738,3.591],[-74.729,3.552],[-74.781,3.51],[-74.765,3.441],[-74.816,3.406],[-74.848,3.341],[-74.905,3.291],[-75.001,3.276],[-75.071,3.295],[-75.057,3.378],[-75.028,3.391],[-75.043,3.408],[-75.037,3.43],[-75.147,3.436],[-75.174,3.409],[-75.175,3.377],[-75.2,3.385],[-75.2,3.409],[-75.227,3.416],[-75.252,3.366],[-75.319,3.419],[-75.34,3.398],[-75.362,3.409],[-75.375,3.375],[-75.415,3.371],[-75.441,3.345],[-75.479,3.361],[-75.49,3.326],[-75.527,3.318],[-75.522,3.301],[-75.576,3.228],[-75.589,3.156],[-75.577,3.143],[-75.622,3.075],[-75.602,3.039],[-75.633,2.996],[-75.693,2.993],[-75.703,2.97],[-75.761,2.942],[-75.763,2.915],[-75.84,2.872],[-75.902,2.895],[-75.927,2.921],[-75.953,2.918],[-75.989,2.983],[-76.029,2.94],[-75.879,2.834],[-75.822,2.836],[-75.806,2.819],[-75.806,2.768],[-75.751,2.742],[-75.752,2.697],[-75.838,2.567],[-75.814,2.484],[-75.853,2.455],[-75.862,2.428],[-75.887,2.425],[-75.924,2.481],[-75.977,2.504],[-76.022,2.444],[-76.033,2.403],[-76.089,2.416],[-76.12,2.391],[-76.146,2.294],[-76.121,2.225],[-76.148,2.201],[-76.209,2.198],[-76.299,2.282],[-76.374,2.279],[-76.405,2.201],[-76.434,2.187],[-76.431,2.12],[-76.467,2.1],[-76.487,2.129],[-76.553,2.14],[-76.59,2.108],[-76.577,2.057],[-76.586,2.035],[-76.573,2.02],[-76.624,1.974],[-76.61,1.947],[-76.619,1.927],[-76.579,1.899],[-76.59,1.868],[-76.557,1.839],[-76.53,1.824],[-76.489,1.826],[-76.435,1.792],[-76.419,1.718],[-76.372,1.743],[-76.381,1.667],[-76.326,1.663],[-76.304,1.69],[-76.272,1.675],[-76.242,1.683],[-76.212,1.641],[-76.202,1.579],[-76.165,1.587],[-76.12,1.552],[-76.075,1.585],[-76.034,1.583],[-75.983,1.621],[-75.98,1.658],[-75.953,1.664],[-75.907,1.715],[-75.844,1.723],[-75.83,1.747],[-75.737,1.782],[-75.731,1.823],[-75.69,1.879],[-75.652,1.901],[-75.641,1.958],[-75.588,2.011],[-75.535,2.118],[-75.442,2.147],[-75.426,2.188],[-75.44,2.221],[-75.41,2.246],[-75.389,2.313],[-75.348,2.324],[-75.33,2.365],[-75.31,2.362],[-75.28,2.423],[-75.251,2.444],[-75.227,2.512],[-75.181,2.508],[-75.154,2.581],[-75.133,2.595],[-75.156,2.645],[-75.133,2.691],[-75.154,2.704],[-75.147,2.722],[-75.07,2.742],[-74.989,2.858],[-74.911,2.932],[-74.901,2.963],[-74.869,2.974],[-74.816,3.053],[-74.788,3.06],[-74.713,3.17],[-74.673,3.186],[-74.657,3.248],[-74.616,3.288],[-74.618,3.331],[-74.64,3.368],[-74.606,3.414],[-74.631,3.471],[-74.591,3.527],[-74.566,3.522],[-74.537,3.56],[-74.503,3.646],[-74.461,3.667],[-74.413,3.725],[-74.418,3.742],[-74.442,3.73],[-74.463,3.741],[-74.45,3.819],[-74.49,3.818],[-74.519,3.836]]]},"properties":{"dpto_ccdgo":"41","dpto_cnmbr":"HUILA"}},{"type":"Feature","geometry":{"type":"Polygon","coordinates":[[[-72.487,11.777],[-72.777,11.674],[-72.884,11.563],[-73.029,11.492],[-73.276,11.286],[-73.361,11.262],[-73.575,11.26],[-73.568,11.233],[-73.584,11.189],[-73.627,11.142],[-73.653,11.138],[-73.637,11.109],[-73.65,11.061],[-73.635,11.042],[-73.665,10.99],[-73.643,10.967],[-73.636,10.908],[-73.599,10.837],[-73.479,10.867],[-73.338,10.863],[-73.312,10.846],[-73.289,10.862],[-73.252,10.813],[-73.252,10.771],[-73.278,10.726],[-73.237,10.74],[-73.208,10.707],[-73.157,10.716],[-73.146,10.692],[-73.104,10.674],[-73.082,10.629],[-73.095,10.558],[-73.123,10.527],[-73.138,10.53],[-73.145,10.499],[-73.168,10.492],[-73.182,10.466],[-73.142,10.437],[-73.142,10.397],[-73.084,10.426],[-73.037,10.403],[-72.978,10.403],[-72.863,10.463],[-72.834,10.518],[-72.843,10.539],[-72.75,10.634],[-72.716,10.706],[-72.711,10.752],[-72.68,10.764],[-72.683,10.796],[-72.648,10.88],[-72.613,10.883],[-72.575,10.916],[-72.519,11.001],[-72.526,11.012],[-72.482,11.059],[-72.498,11.085],[-72.444,11.128],[-72.438,11.115],[-72.349,11.151],[-72.249,11.14],[-71.971,11.646],[-71.802,11.68],[-71.457,11.787],[-71.378,11.812],[-71.388,11.828],[-71.362,11.827],[-71.365,11.84],[-71.341,11.849],[-71.324,11.833],[-71.29,11.914],[-71.326,11.902],[-71.327,11.921],[-71.312,11.915],[-71.311,11.929],[-71.282,11.906],[-71.219,11.964],[-71.136,12.003],[-71.116,12.035],[-71.115,12.085],[-71.22,12.26],[-71.223,12.292],[-71.274,12.338],[-71.403,12.384],[-71.437,12.381],[-71.526,12.437],[-71.611,12.437],[-71.671,12.459],[-71.72,12.437],[-71.735,12.409],[-71.685,12.443],[-71.7,12.418],[-71.652,12.433],[-71.677,12.405],[-71.627,12.408],[-71.696,12.392],[-71.685,12.373],[-71.7,12.361],[-71.703,12.377],[-71.722,12.37],[-71.711,12.4],[-71.728,12.41],[-71.762,12.381],[-71.738,12.372],[-71.743,12.345],[-71.794,12.329],[-71.804,12.305],[-71.84,12.339],[-71.808,12.371],[-71.841,12.351],[-71.857,12.358],[-71.956,12.273],[-71.944,12.259],[-71.94,12.276],[-71.891,12.275],[-71.89,12.251],[-71.87,12.248],[-71.88,12.236],[-71.862,12.217],[-71.869,12.191],[-71.925,12.184],[-71.93,12.151],[-71.945,12.161],[-71.963,12.149],[-71.961,12.18],[-71.966,12.147],[-71.987,12.148],[-71.979,12.172],[-72.001,12.186],[-71.964,12.228],[-71.961,12.258],[-72.084,12.231],[-72.143,12.239],[-72.179,12.217],[-72.148,12.199],[-72.139,12.105],[-72.215,11.93],[-72.247,11.892],[-72.227,11.891],[-72.245,11.878],[-72.249,11.891],[-72.412,11.792],[-72.487,11.777]]]},"properties":{"dpto_ccdgo":"44","dpto_cnmbr":"LA GUAJIRA"}},{"type":"Feature","geometry":{"type":"Polygon","coordinates":[[[-74.042,11.342],[-74.057,11.328],[-74.075,11.342],[-74.083,11.316],[-74.107,11.348],[-74.105,11.319],[-74.124,11.334],[-74.135,11.316],[-74.145,11.337],[-74.161,11.324],[-74.149,11.298],[-74.194,11.304],[-74.207,11.274],[-74.191,11.264],[-74.221,11.253],[-74.217,11.241],[-74.242,11.22],[-74.228,11.205],[-74.241,11.176],[-74.215,11.07],[-74.251,11.018],[-74.304,10.985],[-74.421,10.975],[-74.512,10.986],[-74.852,11.105],[-74.839,11.059],[-74.769,11.002],[-74.754,10.936],[-74.718,10.909],[-74.737,10.889],[-74.742,10.841],[-74.723,10.673],[-74.747,10.649],[-74.724,10.607],[-74.739,10.542],[-74.798,10.496],[-74.818,10.425],[-74.862,10.387],[-74.861,10.353],[-74.926,10.222],[-74.946,10.136],[-74.927,10.108],[-74.84,10.079],[-74.788,10.009],[-74.82,9.967],[-74.873,9.937],[-74.882,9.873],[-74.816,9.79],[-74.805,9.762],[-74.815,9.731],[-74.788,9.697],[-74.806,9.676],[-74.777,9.626],[-74.774,9.587],[-74.807,9.547],[-74.776,9.501],[-74.807,9.465],[-74.803,9.444],[-74.763,9.464],[-74.732,9.419],[-74.699,9.427],[-74.672,9.413],[-74.66,9.386],[-74.618,9.372],[-74.615,9.341],[-74.566,9.314],[-74.53,9.241],[-74.511,9.234],[-74.464,9.271],[-74.435,9.274],[-74.403,9.214],[-74.348,9.233],[-74.295,9.202],[-74.298,9.16],[-74.248,9.165],[-74.22,9.136],[-74.228,9.124],[-74.177,9.089],[-74.157,9.057],[-74.135,9.064],[-74.118,9.049],[-74.139,9.03],[-74.113,9.041],[-74.098,9.016],[-74.057,9.019],[-74.036,9.044],[-74.028,9.027],[-74.007,9.032],[-73.985,9.011],[-74.002,9.01],[-74.002,8.995],[-73.9,8.981],[-73.87,8.96],[-73.868,8.936],[-73.798,9.058],[-73.875,9.131],[-73.867,9.183],[-73.893,9.174],[-73.962,9.188],[-73.943,9.29],[-73.992,9.324],[-73.978,9.389],[-74.139,9.494],[-74.037,9.591],[-74.004,9.595],[-73.989,9.58],[-73.893,9.616],[-73.868,9.601],[-73.803,9.636],[-73.809,9.692],[-73.839,9.731],[-73.827,9.753],[-73.842,9.797],[-73.895,9.832],[-73.953,9.927],[-74.002,9.94],[-74.012,9.976],[-74.051,10.01],[-74.084,10.073],[-74.041,10.22],[-73.965,10.288],[-73.961,10.337],[-73.922,10.375],[-73.843,10.401],[-73.818,10.385],[-73.779,10.396],[-73.741,10.436],[-73.704,10.43],[-73.703,10.464],[-73.652,10.46],[-73.64,10.501],[-73.562,10.506],[-73.57,10.542],[-73.613,10.564],[-73.596,10.585],[-73.595,10.631],[-73.617,10.645],[-73.594,10.705],[-73.563,10.716],[-73.562,10.741],[-73.542,10.755],[-73.589,10.782],[-73.639,10.788],[-73.635,10.808],[-73.599,10.836],[-73.636,10.908],[-73.643,10.967],[-73.665,10.99],[-73.635,11.042],[-73.65,11.061],[-73.637,11.109],[-73.653,11.138],[-73.627,11.142],[-73.591,11.179],[-73.565,11.255],[-73.791,11.256],[-73.858,11.274],[-73.975,11.339],[-74.042,11.342]]]},"properties":{"dpto_ccdgo":"47","dpto_cnmbr":"MAGDALENA"}},{"type":"Feature","geometry":{"type":"Polygon","coordinates":[[[-71.078,4.899],[-71.212,4.817],[-71.288,4.803],[-71.323,4.767],[-71.39,4.757],[-71.429,4.723],[-71.577,4.675],[-71.598,4.645],[-71.732,4.575],[-71.807,4.584],[-71.988,4.384],[-72.061,4.375],[-72.071,4.408],[-72.143,4.44],[-72.243,4.435],[-72.303,4.408],[-72.321,4.371],[-72.342,4.372],[-72.356,4.342],[-72.405,4.318],[-72.428,4.354],[-72.467,4.317],[-72.548,4.355],[-72.573,4.325],[-72.573,4.302],[-72.676,4.317],[-72.691,4.288],[-72.716,4.293],[-72.742,4.326],[-72.77,4.334],[-72.763,4.348],[-72.78,4.353],[-72.769,4.366],[-72.801,4.378],[-72.788,4.398],[-72.825,4.418],[-72.813,4.43],[-72.87,4.451],[-72.938,4.523],[-72.968,4.599],[-73.017,4.636],[-73.05,4.692],[-73.053,4.736],[-73.138,4.213],[-73.204,4.273],[-73.354,4.321],[-73.43,4.306],[-73.472,4.276],[-73.531,4.297],[-73.551,4.309],[-73.573,4.42],[-73.603,4.456],[-73.568,4.526],[-73.578,4.542],[-73.622,4.562],[-73.714,4.515],[-73.739,4.486],[-73.738,4.461],[-73.793,4.441],[-73.811,4.403],[-73.793,4.381],[-73.784,4.302],[-73.744,4.267],[-73.76,4.236],[-73.743,4.198],[-73.809,4.204],[-73.826,4.168],[-73.861,4.172],[-73.896,4.143],[-73.933,4.149],[-73.96,4.096],[-74.006,4.11],[-74.036,4.082],[-74.035,4.061],[-74.071,4.058],[-74.123,4.001],[-74.16,4.018],[-74.217,4.011],[-74.26,3.948],[-74.256,3.928],[-74.317,3.881],[-74.297,3.819],[-74.327,3.827],[-74.394,3.77],[-74.387,3.753],[-74.416,3.741],[-74.424,3.708],[-74.503,3.646],[-74.525,3.578],[-74.564,3.526],[-74.59,3.528],[-74.631,3.471],[-74.606,3.414],[-74.64,3.368],[-74.618,3.331],[-74.616,3.288],[-74.657,3.248],[-74.673,3.186],[-74.713,3.17],[-74.788,3.06],[-74.816,3.053],[-74.85,2.995],[-74.901,2.963],[-74.933,2.909],[-74.911,2.884],[-74.878,2.915],[-74.837,2.909],[-74.8,2.938],[-74.769,2.873],[-74.673,2.889],[-74.667,2.805],[-74.643,2.756],[-74.618,2.754],[-74.637,2.701],[-74.586,2.665],[-74.682,2.558],[-74.677,2.524],[-74.647,2.494],[-74.663,2.488],[-74.673,2.425],[-74.693,2.42],[-74.734,2.347],[-74.748,2.274],[-74.73,2.28],[-74.716,2.263],[-74.709,2.284],[-74.693,2.284],[-74.701,2.272],[-74.65,2.24],[-74.665,2.211],[-74.627,2.192],[-74.611,2.208],[-74.592,2.202],[-74.589,2.17],[-74.604,2.157],[-74.58,2.125],[-74.551,2.132],[-74.539,2.11],[-74.485,2.149],[-74.484,2.11],[-74.462,2.089],[-74.393,2.084],[-74.362,2.06],[-74.242,2.056],[-74.19,1.985],[-74.153,1.98],[-74.15,1.997],[-74.105,1.973],[-74.04,1.971],[-73.657,1.618],[-73.657,2.294],[-73.643,2.284],[-73.63,2.295],[-73.635,2.326],[-73.614,2.341],[-73.633,2.36],[-73.618,2.377],[-73.586,2.39],[-73.585,2.36],[-73.572,2.355],[-73.528,2.388],[-73.512,2.333],[-73.506,2.356],[-73.474,2.362],[-73.45,2.34],[-73.456,2.382],[-73.442,2.386],[-73.437,2.327],[-73.412,2.357],[-73.39,2.351],[-73.396,2.329],[-73.379,2.325],[-73.375,2.362],[-73.357,2.369],[-73.345,2.353],[-73.357,2.324],[-73.333,2.333],[-73.33,2.36],[-73.301,2.336],[-73.267,2.359],[-73.242,2.347],[-73.241,2.371],[-73.268,2.381],[-73.226,2.389],[-73.217,2.405],[-73.218,2.386],[-73.202,2.382],[-73.166,2.399],[-73.164,2.365],[-73.124,2.379],[-73.141,2.397],[-73.128,2.411],[-73.111,2.381],[-73.045,2.438],[-73.033,2.413],[-72.986,2.452],[-72.966,2.448],[-72.963,2.48],[-72.935,2.464],[-72.933,2.497],[-72.954,2.495],[-72.958,2.509],[-72.921,2.534],[-72.92,2.562],[-72.818,2.614],[-72.74,2.57],[-72.702,2.618],[-72.679,2.622],[-72.653,2.572],[-72.621,2.627],[-72.586,2.584],[-72.587,2.639],[-72.556,2.65],[-72.571,2.674],[-72.537,2.683],[-72.536,2.703],[-72.472,2.689],[-72.471,2.734],[-72.435,2.74],[-72.407,2.726],[-72.336,2.797],[-72.313,2.799],[-72.295,2.774],[-72.28,2.776],[-72.259,2.825],[-72.215,2.776],[-72.193,2.772],[-72.184,2.79],[-72.206,2.815],[-72.203,2.864],[-72.183,2.875],[-72.144,2.865],[-72.135,2.889],[-72.082,2.826],[-72.052,2.817],[-72.005,2.829],[-71.982,2.801],[-71.954,2.832],[-71.828,2.837],[-71.823,2.87],[-71.851,2.872],[-71.821,2.879],[-71.788,2.869],[-71.78,2.818],[-71.758,2.853],[-71.762,2.897],[-71.697,2.838],[-71.682,2.872],[-71.662,2.873],[-71.674,2.826],[-71.652,2.82],[-71.611,2.846],[-71.575,2.844],[-71.583,2.872],[-71.545,2.859],[-71.521,2.879],[-71.47,2.853],[-71.463,2.899],[-71.391,2.844],[-71.375,2.892],[-71.345,2.86],[-71.325,2.925],[-71.306,2.92],[-71.3,2.876],[-71.284,2.868],[-71.26,2.886],[-71.247,2.863],[-71.222,2.866],[-71.184,2.905],[-71.154,2.872],[-71.138,2.904],[-71.109,2.873],[-71.078,2.882],[-71.078,4.899]]]},"properties":{"dpto_ccdgo":"50","dpto_cnmbr":"META"}},{"type":"Feature","geometry":{"type":"MultiPolygon","coordinates":[[[[-78.883,1.51],[-78.885,1.51],[-78.877,1.509],[-78.883,1.51]]],[[[-78.14,2.676],[-78.333,2.656],[-78.371,2.637],[-78.396,2.603],[-78.455,2.598],[-78.454,2.576],[-78.514,2.5],[-78.557,2.492],[-78.552,2.447],[-78.562,2.431],[-78.566,2.455],[-78.622,2.377],[-78.623,2.327],[-78.661,2.287],[-78.673,2.241],[-78.698,2.232],[-78.713,2.168],[-78.704,2.119],[-78.69,2.112],[-78.68,2.059],[-78.65,2.05],[-78.676,2.05],[-78.674,1.98],[-78.646,1.978],[-78.636,2.012],[-78.585,1.973],[-78.603,1.947],[-78.597,1.894],[-78.552,1.899],[-78.538,1.856],[-78.551,1.836],[-78.542,1.802],[-78.564,1.792],[-78.554,1.758],[-78.582,1.74],[-78.569,1.751],[-78.581,1.778],[-78.6,1.774],[-78.598,1.793],[-78.651,1.794],[-78.654,1.775],[-78.688,1.782],[-78.675,1.762],[-78.687,1.748],[-78.693,1.79],[-78.699,1.77],[-78.717,1.793],[-78.714,1.746],[-78.728,1.732],[-78.738,1.745],[-78.762,1.741],[-78.726,1.753],[-78.747,1.766],[-78.726,1.763],[-78.738,1.797],[-78.744,1.785],[-78.756,1.798],[-78.758,1.777],[-78.785,1.799],[-78.76,1.82],[-78.752,1.806],[-78.724,1.824],[-78.769,1.822],[-78.812,1.787],[-78.78,1.825],[-78.81,1.829],[-78.865,1.803],[-78.931,1.734],[-78.954,1.684],[-79.007,1.658],[-78.999,1.639],[-79.01,1.632],[-78.982,1.594],[-78.965,1.602],[-78.903,1.543],[-78.863,1.551],[-78.875,1.515],[-78.856,1.481],[-78.819,1.473],[-78.799,1.485],[-78.834,1.451],[-78.808,1.456],[-78.825,1.445],[-78.775,1.406],[-78.779,1.392],[-78.758,1.394],[-78.695,1.33],[-78.661,1.32],[-78.649,1.277],[-78.615,1.246],[-78.545,1.244],[-78.548,1.227],[-78.515,1.213],[-78.517,1.188],[-78.495,1.198],[-78.455,1.177],[-78.438,1.194],[-78.428,1.139],[-78.416,1.139],[-78.418,1.16],[-78.395,1.152],[-78.374,1.175],[-78.311,1.191],[-78.282,1.111],[-78.251,1.099],[-78.252,1.079],[-78.277,1.073],[-78.282,1.056],[-78.206,1.002],[-78.192,0.97],[-78.2,0.95],[-78.185,0.938],[-78.154,0.924],[-78.112,0.932],[-78.089,0.897],[-78.022,0.875],[-77.937,0.817],[-77.843,0.802],[-77.805,0.831],[-77.746,0.833],[-77.714,0.851],[-77.665,0.818],[-77.677,0.792],[-77.662,0.79],[-77.698,0.741],[-77.675,0.737],[-77.666,0.705],[-77.623,0.695],[-77.556,0.649],[-77.481,0.657],[-77.481,0.61],[-77.522,0.532],[-77.528,0.4],[-77.424,0.392],[-77.408,0.405],[-77.381,0.385],[-77.372,0.401],[-77.288,0.363],[-77.214,0.363],[-77.179,0.39],[-77.113,0.373],[-77.088,0.395],[-77.099,0.411],[-77.089,0.424],[-77.108,0.442],[-77.102,0.47],[-77.13,0.525],[-77.117,0.591],[-77.187,0.631],[-77.139,0.822],[-77.102,0.834],[-77.121,0.893],[-77.073,0.942],[-77.074,0.97],[-77.028,0.995],[-77.037,1.047],[-77.058,1.034],[-77.093,1.075],[-77.1,1.154],[-77.088,1.183],[-77.021,1.196],[-76.981,1.223],[-76.979,1.287],[-76.94,1.273],[-76.904,1.321],[-76.932,1.386],[-76.918,1.43],[-76.929,1.5],[-76.859,1.522],[-76.835,1.615],[-76.902,1.662],[-76.936,1.729],[-76.998,1.707],[-77.026,1.714],[-77.057,1.699],[-77.072,1.669],[-77.138,1.655],[-77.151,1.686],[-77.239,1.657],[-77.331,1.682],[-77.295,1.766],[-77.31,1.804],[-77.289,1.849],[-77.256,1.87],[-77.245,1.911],[-77.218,1.917],[-77.203,1.952],[-77.221,1.988],[-77.259,1.994],[-77.334,2.051],[-77.308,2.108],[-77.318,2.182],[-77.308,2.196],[-77.323,2.222],[-77.359,2.262],[-77.386,2.256],[-77.459,2.286],[-77.479,2.274],[-77.472,2.241],[-77.488,2.195],[-77.556,2.203],[-77.604,2.165],[-77.646,2.169],[-77.739,2.134],[-77.839,2.178],[-77.853,2.205],[-77.848,2.261],[-77.919,2.417],[-77.916,2.594],[-77.928,2.64],[-77.945,2.626],[-77.978,2.662],[-78.033,2.649],[-78.072,2.611],[-78.097,2.647],[-78.137,2.644],[-78.14,2.676]]]]},"properties":{"dpto_ccdgo":"52","dpto_cnmbr":"NARIÑO"}},{"type":"Feature","geometry":{"type":"Polygon","coordinates":[[[-73.004,9.28],[-73.011,9.291],[-73.05,9.258],[-73.071,9.264],[-73.088,9.226],[-73.13,9.228],[-73.177,9.177],[-73.214,9.183],[-73.251,9.158],[-73.369,9.173],[-73.381,9.153],[-73.406,9.161],[-73.424,9.124],[-73.412,9.053],[-73.44,8.975],[-73.426,8.9],[-73.448,8.862],[-73.415,8.766],[-73.458,8.75],[-73.472,8.707],[-73.507,8.685],[-73.522,8.638],[-73.552,8.607],[-73.547,8.564],[-73.515,8.529],[-73.578,8.496],[-73.548,8.471],[-73.523,8.483],[-73.478,8.47],[-73.473,8.447],[-73.53,8.381],[-73.488,8.384],[-73.442,8.341],[-73.434,8.365],[-73.393,8.382],[-73.414,8.459],[-73.37,8.459],[-73.342,8.436],[-73.351,8.331],[-73.377,8.311],[-73.374,8.266],[-73.441,8.257],[-73.429,8.225],[-73.449,8.193],[-73.428,8.181],[-73.43,8.123],[-73.378,8.106],[-73.367,8.013],[-73.309,8.016],[-73.298,7.985],[-73.279,7.988],[-73.276,7.946],[-73.303,7.907],[-73.348,7.899],[-73.343,7.812],[-73.439,7.697],[-73.491,7.674],[-73.559,7.728],[-73.633,7.745],[-73.6,7.726],[-73.597,7.701],[-73.559,7.691],[-73.559,7.672],[-73.518,7.641],[-73.506,7.596],[-73.409,7.565],[-73.386,7.582],[-73.355,7.544],[-73.284,7.549],[-73.257,7.532],[-73.248,7.558],[-73.259,7.587],[-73.219,7.632],[-73.123,7.608],[-72.982,7.62],[-72.992,7.597],[-72.978,7.529],[-72.896,7.48],[-72.9,7.433],[-72.851,7.375],[-72.856,7.363],[-72.837,7.356],[-72.834,7.304],[-72.876,7.263],[-72.856,7.217],[-72.832,7.207],[-72.859,7.155],[-72.82,7.073],[-72.8,7.073],[-72.787,7.049],[-72.75,7.059],[-72.757,7.041],[-72.734,6.987],[-72.722,7.005],[-72.677,7.008],[-72.669,6.966],[-72.649,6.998],[-72.632,6.987],[-72.562,7.0],[-72.542,6.942],[-72.547,6.886],[-72.514,6.888],[-72.489,6.925],[-72.392,6.872],[-72.313,6.932],[-72.277,7.013],[-72.252,7.007],[-72.244,6.977],[-72.201,7.007],[-72.185,7.054],[-72.122,7.028],[-72.078,7.045],[-72.048,7.038],[-72.174,7.258],[-72.154,7.328],[-72.194,7.384],[-72.3,7.391],[-72.326,7.376],[-72.353,7.396],[-72.429,7.402],[-72.447,7.462],[-72.475,7.487],[-72.453,7.565],[-72.476,7.632],[-72.474,7.759],[-72.445,7.86],[-72.457,7.911],[-72.487,7.927],[-72.488,7.943],[-72.419,7.995],[-72.416,8.033],[-72.383,8.034],[-72.351,8.004],[-72.347,8.016],[-72.352,8.087],[-72.374,8.105],[-72.355,8.166],[-72.394,8.253],[-72.38,8.304],[-72.395,8.326],[-72.388,8.348],[-72.617,8.595],[-72.655,8.614],[-72.72,8.941],[-72.773,9.086],[-72.766,9.106],[-72.785,9.115],[-72.796,9.103],[-72.796,9.121],[-72.812,9.12],[-72.822,9.142],[-72.823,9.122],[-72.881,9.132],[-72.887,9.104],[-72.933,9.083],[-72.948,9.092],[-72.987,9.143],[-72.956,9.179],[-72.971,9.213],[-72.996,9.221],[-72.984,9.252],[-73.004,9.28]]]},"properties":{"dpto_ccdgo":"54","dpto_cnmbr":"NORTE DE SANTANDER"}},{"type":"Feature","geometry":{"type":"Polygon","coordinates":[[[-75.702,4.72],[-75.714,4.714],[-75.708,4.655],[-75.825,4.663],[-75.865,4.615],[-75.881,4.528],[-75.871,4.513],[-75.881,4.467],[-75.865,4.455],[-75.888,4.447],[-75.896,4.425],[-75.801,4.391],[-75.787,4.294],[-75.824,4.226],[-75.842,4.124],[-75.839,4.098],[-75.767,4.075],[-75.696,4.132],[-75.643,4.246],[-75.597,4.28],[-75.577,4.453],[-75.525,4.498],[-75.515,4.556],[-75.469,4.598],[-75.421,4.611],[-75.422,4.659],[-75.383,4.704],[-75.396,4.715],[-75.479,4.663],[-75.515,4.694],[-75.606,4.709],[-75.66,4.7],[-75.702,4.72]]]},"properties":{"dpto_ccdgo":"63","dpto_cnmbr":"QUINDIO"}},{"type":"Feature","geometry":{"type":"Polygon","coordinates":[[[-76.008,5.564],[-76.037,5.567],[-76.075,5.547],[-76.085,5.45],[-76.152,5.408],[-76.178,5.401],[-76.191,5.415],[-76.211,5.349],[-76.174,5.26],[-76.142,5.233],[-76.132,5.183],[-76.061,5.137],[-76.08,5.041],[-76.049,5.007],[-76.028,4.939],[-75.988,4.911],[-75.988,4.875],[-75.943,4.857],[-75.914,4.874],[-75.901,4.852],[-75.911,4.817],[-75.936,4.808],[-75.917,4.794],[-75.929,4.768],[-75.908,4.752],[-75.852,4.779],[-75.856,4.728],[-75.831,4.738],[-75.754,4.71],[-75.703,4.721],[-75.66,4.7],[-75.546,4.701],[-75.479,4.663],[-75.412,4.699],[-75.378,4.73],[-75.388,4.747],[-75.375,4.803],[-75.427,4.816],[-75.48,4.916],[-75.537,4.917],[-75.565,4.938],[-75.617,4.931],[-75.623,4.971],[-75.64,4.975],[-75.656,4.946],[-75.702,4.946],[-75.747,5.047],[-75.781,5.01],[-75.792,4.938],[-75.815,4.919],[-75.867,4.933],[-75.861,4.942],[-75.892,4.962],[-75.904,5.024],[-75.922,5.042],[-75.917,5.079],[-75.892,5.131],[-75.846,5.106],[-75.837,5.115],[-75.834,5.15],[-75.802,5.2],[-75.824,5.27],[-75.749,5.285],[-75.735,5.264],[-75.693,5.255],[-75.666,5.268],[-75.648,5.309],[-75.666,5.354],[-75.725,5.397],[-75.809,5.362],[-75.861,5.372],[-75.851,5.412],[-75.868,5.49],[-75.905,5.48],[-75.931,5.509],[-75.959,5.505],[-76.008,5.564]]]},"properties":{"dpto_ccdgo":"66","dpto_cnmbr":"RISARALDA"}},{"type":"Feature","geometry":{"type":"Polygon","coordinates":[[[-73.774,8.108],[-73.775,8.145],[-73.868,8.064],[-73.867,7.982],[-73.832,7.936],[-73.822,7.823],[-73.798,7.775],[-73.832,7.73],[-73.797,7.654],[-73.818,7.643],[-73.81,7.617],[-73.829,7.602],[-73.848,7.536],[-73.91,7.498],[-73.917,7.476],[-73.896,7.409],[-73.939,7.177],[-73.931,7.119],[-73.888,7.07],[-73.884,7.005],[-73.916,6.969],[-74.011,6.913],[-74.077,6.842],[-74.115,6.766],[-74.177,6.725],[-74.229,6.711],[-74.259,6.673],[-74.312,6.654],[-74.33,6.63],[-74.359,6.633],[-74.405,6.594],[-74.394,6.5],[-74.405,6.471],[-74.369,6.412],[-74.424,6.39],[-74.45,6.332],[-74.529,6.263],[-74.508,6.216],[-74.47,6.201],[-74.479,6.16],[-74.453,6.136],[-74.452,6.099],[-74.408,6.086],[-74.383,6.04],[-74.348,6.039],[-74.337,6.065],[-74.298,6.084],[-74.259,6.066],[-74.26,6.012],[-74.222,5.968],[-74.239,5.944],[-74.224,5.923],[-74.231,5.905],[-74.275,5.868],[-74.266,5.835],[-74.197,5.853],[-74.18,5.911],[-74.133,5.876],[-74.103,5.877],[-74.079,5.819],[-74.026,5.807],[-74.025,5.781],[-73.983,5.721],[-73.962,5.739],[-73.925,5.743],[-73.875,5.728],[-73.883,5.708],[-73.836,5.74],[-73.819,5.737],[-73.813,5.715],[-73.764,5.773],[-73.716,5.782],[-73.644,5.715],[-73.6,5.869],[-73.636,5.911],[-73.603,5.937],[-73.585,6.008],[-73.54,6.037],[-73.515,6.099],[-73.497,6.108],[-73.438,6.071],[-73.415,6.073],[-73.371,6.005],[-73.407,5.891],[-73.444,5.902],[-73.457,5.89],[-73.451,5.867],[-73.473,5.817],[-73.436,5.798],[-73.431,5.767],[-73.39,5.751],[-73.351,5.823],[-73.351,5.873],[-73.329,5.852],[-73.27,5.854],[-73.247,5.816],[-73.186,5.846],[-73.222,5.897],[-73.208,5.922],[-73.225,5.941],[-73.22,5.973],[-73.199,6.003],[-73.143,5.961],[-73.101,5.962],[-73.034,6.023],[-73.009,5.965],[-72.916,6.107],[-72.873,6.125],[-72.868,6.145],[-72.831,6.149],[-72.804,6.216],[-72.775,6.21],[-72.745,6.229],[-72.758,6.315],[-72.726,6.372],[-72.738,6.44],[-72.725,6.457],[-72.736,6.491],[-72.809,6.539],[-72.809,6.559],[-72.765,6.583],[-72.719,6.553],[-72.649,6.436],[-72.539,6.488],[-72.543,6.583],[-72.486,6.657],[-72.499,6.795],[-72.477,6.842],[-72.501,6.871],[-72.503,6.908],[-72.514,6.888],[-72.547,6.886],[-72.542,6.942],[-72.562,7.0],[-72.632,6.987],[-72.649,6.998],[-72.669,6.966],[-72.677,7.008],[-72.722,7.005],[-72.734,6.987],[-72.757,7.041],[-72.75,7.059],[-72.787,7.049],[-72.836,7.097],[-72.859,7.155],[-72.832,7.207],[-72.856,7.217],[-72.876,7.263],[-72.834,7.304],[-72.837,7.356],[-72.856,7.363],[-72.851,7.375],[-72.9,7.433],[-72.896,7.48],[-72.978,7.529],[-72.992,7.597],[-72.982,7.62],[-73.123,7.608],[-73.219,7.632],[-73.259,7.587],[-73.248,7.558],[-73.257,7.532],[-73.284,7.549],[-73.355,7.544],[-73.386,7.582],[-73.409,7.565],[-73.506,7.596],[-73.518,7.641],[-73.559,7.672],[-73.559,7.691],[-73.597,7.701],[-73.6,7.726],[-73.633,7.749],[-73.758,7.751],[-73.762,7.771],[-73.737,7.785],[-73.751,7.82],[-73.671,7.904],[-73.682,7.951],[-73.724,7.968],[-73.721,8.011],[-73.791,8.103],[-73.774,8.108]]]},"properties":{"dpto_ccdgo":"68","dpto_cnmbr":"SANTANDER"}},{"type":"Feature","geometry":{"type":"Polygon","coordinates":[[[-75.523,10.092],[-75.497,10.145],[-75.574,10.086],[-75.576,9.971],[-75.621,9.876],[-75.623,9.805],[-75.642,9.759],[-75.704,9.7],[-75.654,9.707],[-75.613,9.695],[-75.571,9.618],[-75.576,9.555],[-75.629,9.435],[-75.675,9.404],[-75.706,9.407],[-75.704,9.372],[-75.679,9.344],[-75.661,9.361],[-75.626,9.353],[-75.588,9.303],[-75.609,9.281],[-75.512,9.258],[-75.496,9.285],[-75.5,9.26],[-75.457,9.238],[-75.466,9.209],[-75.454,9.176],[-75.467,9.165],[-75.449,9.14],[-75.391,9.161],[-75.382,9.138],[-75.31,9.118],[-75.31,9.089],[-75.294,9.096],[-75.299,9.083],[-75.281,9.073],[-75.224,9.073],[-75.188,8.967],[-75.156,8.944],[-75.172,8.928],[-75.188,8.944],[-75.186,8.914],[-75.217,8.916],[-75.245,8.882],[-75.273,8.914],[-75.293,8.897],[-75.3,8.858],[-75.332,8.866],[-75.372,8.827],[-75.369,8.791],[-75.324,8.756],[-75.343,8.715],[-75.337,8.696],[-75.349,8.701],[-75.36,8.68],[-75.318,8.59],[-75.33,8.553],[-75.304,8.518],[-75.314,8.502],[-75.241,8.487],[-75.232,8.468],[-75.216,8.485],[-75.192,8.443],[-75.211,8.425],[-75.185,8.397],[-75.157,8.433],[-75.136,8.43],[-75.128,8.468],[-75.041,8.458],[-75.033,8.499],[-75.006,8.523],[-74.926,8.5],[-74.927,8.453],[-74.9,8.454],[-74.852,8.385],[-74.84,8.394],[-74.804,8.38],[-74.828,8.36],[-74.79,8.318],[-74.795,8.282],[-74.771,8.279],[-74.748,8.299],[-74.727,8.281],[-74.713,8.304],[-74.653,8.279],[-74.649,8.313],[-74.614,8.347],[-74.615,8.407],[-74.587,8.384],[-74.561,8.39],[-74.533,8.455],[-74.535,8.481],[-74.569,8.51],[-74.577,8.544],[-74.564,8.572],[-74.595,8.592],[-74.587,8.631],[-74.611,8.756],[-74.54,8.805],[-74.586,8.841],[-74.579,8.873],[-74.639,8.977],[-74.684,9.012],[-74.737,9.016],[-74.75,9.042],[-74.782,9.038],[-74.824,9.057],[-74.863,9.148],[-74.903,9.163],[-74.905,9.23],[-74.931,9.255],[-74.926,9.279],[-74.945,9.296],[-74.933,9.328],[-74.951,9.348],[-74.891,9.431],[-74.936,9.448],[-74.967,9.434],[-75.032,9.467],[-75.029,9.51],[-75.012,9.528],[-75.04,9.54],[-75.078,9.533],[-75.133,9.596],[-75.167,9.613],[-75.181,9.602],[-75.189,9.629],[-75.165,9.646],[-75.233,9.647],[-75.276,9.686],[-75.315,9.653],[-75.327,9.617],[-75.356,9.647],[-75.374,9.63],[-75.378,9.72],[-75.36,9.738],[-75.338,9.828],[-75.377,9.849],[-75.394,9.881],[-75.422,9.884],[-75.397,9.894],[-75.428,9.893],[-75.431,9.913],[-75.466,9.892],[-75.482,9.93],[-75.469,9.925],[-75.464,9.961],[-75.48,9.978],[-75.476,10.019],[-75.491,10.038],[-75.517,10.025],[-75.545,10.044],[-75.523,10.092]]]},"properties":{"dpto_ccdgo":"70","dpto_cnmbr":"SUCRE"}},{"type":"Feature","geometry":{"type":"Polygon","coordinates":[[[-74.627,4.223],[-74.655,4.199],[-74.659,4.216],[-74.681,4.201],[-74.734,4.248],[-74.746,4.237],[-74.751,4.259],[-74.767,4.251],[-74.779,4.284],[-74.813,4.294],[-74.877,4.265],[-74.891,4.289],[-74.873,4.307],[-74.883,4.317],[-74.856,4.335],[-74.833,4.443],[-74.807,4.453],[-74.786,4.506],[-74.815,4.585],[-74.794,4.592],[-74.816,4.612],[-74.786,4.653],[-74.807,4.669],[-74.801,4.702],[-74.819,4.726],[-74.744,4.788],[-74.744,4.823],[-74.77,4.843],[-74.755,4.886],[-74.732,4.894],[-74.749,4.958],[-74.706,4.981],[-74.743,5.007],[-74.717,5.092],[-74.732,5.143],[-74.714,5.18],[-74.735,5.205],[-74.728,5.274],[-74.827,5.319],[-74.872,5.295],[-74.939,5.313],[-74.987,5.289],[-75.028,5.289],[-75.057,5.275],[-75.116,5.161],[-75.172,5.171],[-75.235,5.126],[-75.284,5.141],[-75.345,5.081],[-75.349,5.057],[-75.318,5.015],[-75.353,4.967],[-75.352,4.941],[-75.319,4.888],[-75.375,4.803],[-75.383,4.704],[-75.422,4.659],[-75.416,4.622],[-75.432,4.601],[-75.469,4.598],[-75.524,4.543],[-75.525,4.498],[-75.578,4.452],[-75.597,4.28],[-75.643,4.246],[-75.696,4.132],[-75.747,4.095],[-75.739,4.052],[-75.776,4.004],[-75.795,4.005],[-75.791,3.971],[-75.812,3.919],[-75.858,3.881],[-75.853,3.852],[-75.903,3.797],[-75.92,3.74],[-75.96,3.706],[-75.95,3.674],[-75.994,3.638],[-75.984,3.56],[-76.041,3.438],[-76.031,3.382],[-76.062,3.352],[-76.038,3.301],[-76.051,3.282],[-76.039,3.251],[-76.059,3.231],[-76.06,3.203],[-76.092,3.198],[-76.074,3.122],[-76.106,3.107],[-76.073,3.077],[-76.073,3.05],[-76.045,3.043],[-76.041,3.016],[-76.021,3.004],[-76.029,2.94],[-75.989,2.983],[-75.953,2.918],[-75.927,2.921],[-75.902,2.895],[-75.84,2.872],[-75.763,2.915],[-75.761,2.942],[-75.703,2.97],[-75.693,2.993],[-75.633,2.996],[-75.602,3.039],[-75.622,3.075],[-75.577,3.143],[-75.589,3.156],[-75.576,3.228],[-75.522,3.301],[-75.527,3.318],[-75.49,3.326],[-75.479,3.361],[-75.441,3.345],[-75.415,3.371],[-75.375,3.375],[-75.362,3.409],[-75.34,3.398],[-75.319,3.419],[-75.252,3.366],[-75.227,3.416],[-75.2,3.409],[-75.2,3.385],[-75.175,3.377],[-75.174,3.409],[-75.147,3.436],[-75.037,3.43],[-75.043,3.408],[-75.028,3.391],[-75.057,3.378],[-75.071,3.295],[-75.001,3.276],[-74.907,3.291],[-74.848,3.341],[-74.816,3.406],[-74.765,3.441],[-74.781,3.51],[-74.729,3.552],[-74.738,3.591],[-74.701,3.616],[-74.675,3.672],[-74.591,3.729],[-74.535,3.821],[-74.511,3.946],[-74.531,3.968],[-74.531,4.035],[-74.476,4.111],[-74.483,4.176],[-74.508,4.198],[-74.519,4.24],[-74.563,4.272],[-74.62,4.252],[-74.627,4.223]]]},"properties":{"dpto_ccdgo":"73","dpto_cnmbr":"TOLIMA"}},{"type":"Feature","geometry":{"type":"MultiPolygon","coordinates":[[[[-77.238,4.04],[-77.233,4.031],[-77.226,4.04],[-77.238,4.04]]],[[[-76.463,3.26],[-76.487,3.282],[-76.475,3.288],[-76.494,3.293],[-76.489,3.305],[-76.477,3.294],[-76.478,3.319],[-76.468,3.311],[-76.46,3.329],[-76.343,3.281],[-76.229,3.277],[-76.191,3.227],[-76.156,3.236],[-76.146,3.223],[-76.061,3.213],[-76.039,3.251],[-76.051,3.282],[-76.038,3.3],[-76.062,3.354],[-76.031,3.382],[-76.041,3.438],[-75.984,3.56],[-75.994,3.638],[-75.95,3.674],[-75.96,3.706],[-75.92,3.74],[-75.903,3.797],[-75.853,3.852],[-75.858,3.881],[-75.812,3.919],[-75.791,3.971],[-75.795,4.005],[-75.776,4.004],[-75.738,4.055],[-75.752,4.077],[-75.839,4.098],[-75.843,4.151],[-75.787,4.293],[-75.79,4.353],[-75.812,4.404],[-75.885,4.411],[-75.896,4.425],[-75.888,4.447],[-75.865,4.455],[-75.881,4.467],[-75.871,4.513],[-75.881,4.528],[-75.865,4.615],[-75.825,4.663],[-75.708,4.655],[-75.714,4.714],[-75.789,4.716],[-75.831,4.738],[-75.856,4.728],[-75.852,4.779],[-75.889,4.755],[-75.923,4.76],[-75.917,4.794],[-75.936,4.808],[-75.911,4.817],[-75.901,4.853],[-75.914,4.874],[-75.943,4.857],[-75.988,4.874],[-75.988,4.911],[-76.028,4.939],[-76.077,5.047],[-76.097,5.032],[-76.089,4.946],[-76.1,4.917],[-76.131,4.911],[-76.114,4.89],[-76.139,4.842],[-76.213,4.829],[-76.312,4.751],[-76.286,4.712],[-76.319,4.608],[-76.345,4.562],[-76.381,4.56],[-76.404,4.535],[-76.365,4.492],[-76.383,4.493],[-76.418,4.448],[-76.482,4.414],[-76.555,4.399],[-76.562,4.37],[-76.528,4.324],[-76.527,4.289],[-76.487,4.236],[-76.455,4.229],[-76.445,4.176],[-76.494,4.07],[-76.524,4.067],[-76.542,4.044],[-76.537,4.016],[-76.589,3.971],[-76.593,3.998],[-76.625,4.015],[-76.682,3.965],[-76.768,3.989],[-76.794,4.011],[-76.815,4.007],[-76.823,4.033],[-76.867,4.032],[-76.915,4.098],[-76.954,4.121],[-76.995,4.12],[-77.005,4.099],[-77.036,4.091],[-77.068,4.096],[-77.086,4.123],[-77.105,4.108],[-77.16,4.184],[-77.223,4.157],[-77.25,4.188],[-77.253,4.234],[-77.279,4.223],[-77.305,4.166],[-77.353,4.197],[-77.389,4.149],[-77.443,4.134],[-77.428,4.097],[-77.45,4.039],[-77.359,3.927],[-77.324,3.973],[-77.307,4.042],[-77.269,4.077],[-77.262,4.06],[-77.232,4.081],[-77.229,4.059],[-77.195,4.053],[-77.224,3.996],[-77.29,3.979],[-77.318,3.95],[-77.321,3.903],[-77.286,3.895],[-77.305,3.874],[-77.282,3.839],[-77.182,3.832],[-77.133,3.873],[-77.097,3.875],[-77.087,3.905],[-77.074,3.879],[-77.053,3.875],[-77.106,3.849],[-77.135,3.805],[-77.182,3.809],[-77.166,3.758],[-77.197,3.751],[-77.197,3.721],[-77.189,3.681],[-77.165,3.685],[-77.166,3.645],[-77.189,3.653],[-77.196,3.611],[-77.236,3.577],[-77.3,3.57],[-77.371,3.475],[-77.337,3.449],[-77.332,3.427],[-77.356,3.41],[-77.365,3.448],[-77.413,3.356],[-77.427,3.368],[-77.48,3.323],[-77.548,3.226],[-77.499,3.234],[-77.504,3.222],[-77.476,3.21],[-77.462,3.227],[-77.471,3.237],[-77.429,3.254],[-77.382,3.203],[-77.366,3.147],[-77.346,3.14],[-77.317,3.174],[-77.28,3.159],[-77.288,3.139],[-77.262,3.135],[-77.252,3.115],[-77.245,3.126],[-77.234,3.108],[-77.159,3.174],[-77.13,3.161],[-77.098,3.186],[-76.997,3.155],[-76.972,3.119],[-76.938,3.114],[-76.915,3.149],[-76.908,3.201],[-76.809,3.208],[-76.773,3.234],[-76.739,3.186],[-76.75,3.146],[-76.733,3.125],[-76.666,3.098],[-76.63,3.128],[-76.61,3.091],[-76.593,3.094],[-76.599,3.105],[-76.573,3.129],[-76.556,3.099],[-76.531,3.124],[-76.514,3.12],[-76.533,3.136],[-76.518,3.134],[-76.52,3.15],[-76.501,3.144],[-76.508,3.157],[-76.487,3.174],[-76.498,3.202],[-76.465,3.228],[-76.477,3.233],[-76.462,3.249],[-76.476,3.257],[-76.463,3.26]]]]},"properties":{"dpto_ccdgo":"76","dpto_cnmbr":"VALLE DEL CAUCA"}},{"type":"Feature","geometry":{"type":"Polygon","coordinates":[[[-70.68,7.094],[-70.687,7.104],[-70.736,7.089],[-70.76,7.098],[-70.777,7.077],[-70.853,7.078],[-70.849,7.057],[-70.886,7.064],[-70.908,7.041],[-70.919,7.053],[-70.922,7.024],[-70.97,7.016],[-70.995,6.983],[-71.024,6.974],[-71.112,6.99],[-71.115,7.007],[-71.103,7.007],[-71.13,7.033],[-71.191,7.019],[-71.228,7.027],[-71.241,7.012],[-71.264,7.032],[-71.37,7.015],[-71.392,7.036],[-71.424,7.039],[-71.455,7.01],[-71.465,7.042],[-71.478,7.015],[-71.498,7.036],[-71.512,7.022],[-71.54,7.035],[-71.587,7.016],[-71.588,7.055],[-71.705,7.033],[-71.746,7.066],[-71.812,7.062],[-71.835,7.026],[-71.949,7.011],[-72.051,6.769],[-72.1,6.747],[-72.091,6.646],[-72.113,6.612],[-72.131,6.521],[-72.178,6.497],[-72.175,6.463],[-72.214,6.465],[-72.235,6.422],[-72.268,6.442],[-72.283,6.379],[-72.316,6.358],[-72.317,6.335],[-72.346,6.342],[-72.367,6.307],[-72.344,6.226],[-72.287,6.2],[-72.289,6.163],[-72.263,6.123],[-72.138,6.067],[-72.077,6.113],[-72.01,6.13],[-71.955,6.169],[-71.879,6.159],[-71.824,6.187],[-71.671,6.19],[-71.638,6.229],[-71.614,6.227],[-71.612,6.21],[-71.593,6.211],[-71.575,6.191],[-71.574,6.21],[-71.553,6.197],[-71.535,6.226],[-71.51,6.198],[-71.497,6.217],[-71.487,6.201],[-71.456,6.223],[-71.44,6.215],[-71.449,6.246],[-71.421,6.225],[-71.414,6.243],[-71.381,6.241],[-71.378,6.225],[-71.349,6.229],[-71.332,6.257],[-71.298,6.272],[-71.272,6.261],[-71.268,6.285],[-71.234,6.264],[-71.221,6.298],[-71.158,6.263],[-71.093,6.279],[-71.06,6.255],[-71.035,6.255],[-71.035,6.266],[-70.985,6.229],[-70.896,6.236],[-70.868,6.222],[-70.861,6.239],[-70.797,6.253],[-70.726,6.216],[-70.631,6.227],[-70.58,6.25],[-70.539,6.245],[-70.531,6.23],[-70.431,6.278],[-70.431,6.292],[-70.381,6.302],[-70.271,6.274],[-70.198,6.296],[-70.175,6.279],[-70.161,6.298],[-70.15,6.269],[-70.122,6.262],[-70.115,6.233],[-70.066,6.211],[-70.06,6.185],[-70.04,6.185],[-70.058,6.159],[-70.003,6.149],[-69.99,6.166],[-69.985,6.137],[-69.946,6.141],[-69.899,6.096],[-69.897,6.06],[-69.868,6.042],[-69.784,6.059],[-69.683,6.038],[-69.542,6.044],[-69.428,6.107],[-70.118,6.979],[-70.224,6.975],[-70.266,6.941],[-70.322,6.935],[-70.361,6.956],[-70.372,6.981],[-70.417,6.981],[-70.431,7.007],[-70.502,7.006],[-70.556,7.079],[-70.608,7.064],[-70.68,7.094]]]},"properties":{"dpto_ccdgo":"81","dpto_cnmbr":"ARAUCA"}},{"type":"Feature","geometry":{"type":"Polygon","coordinates":[[[-72.339,6.345],[-72.355,6.342],[-72.396,6.274],[-72.387,6.261],[-72.419,6.187],[-72.393,6.188],[-72.393,6.162],[-72.374,6.148],[-72.389,6.124],[-72.364,6.099],[-72.375,6.093],[-72.367,6.077],[-72.321,6.088],[-72.322,6.068],[-72.366,6.037],[-72.34,5.998],[-72.328,5.902],[-72.336,5.89],[-72.416,5.904],[-72.451,5.878],[-72.463,5.848],[-72.308,5.793],[-72.3,5.758],[-72.28,5.75],[-72.25,5.685],[-72.221,5.676],[-72.272,5.662],[-72.263,5.634],[-72.289,5.6],[-72.295,5.515],[-72.33,5.498],[-72.397,5.57],[-72.421,5.563],[-72.442,5.519],[-72.49,5.482],[-72.503,5.443],[-72.584,5.382],[-72.567,5.373],[-72.58,5.35],[-72.62,5.351],[-72.701,5.273],[-72.726,5.318],[-72.757,5.331],[-72.798,5.38],[-72.86,5.34],[-72.883,5.363],[-72.896,5.262],[-72.974,5.15],[-72.929,5.1],[-72.908,5.102],[-72.904,5.068],[-72.975,4.975],[-73.02,5.002],[-73.049,4.924],[-73.041,4.878],[-73.078,4.811],[-73.046,4.758],[-73.05,4.693],[-73.017,4.636],[-72.968,4.599],[-72.938,4.523],[-72.87,4.451],[-72.813,4.43],[-72.825,4.418],[-72.788,4.398],[-72.801,4.378],[-72.769,4.366],[-72.78,4.353],[-72.763,4.348],[-72.769,4.333],[-72.694,4.287],[-72.676,4.317],[-72.573,4.302],[-72.573,4.325],[-72.548,4.355],[-72.467,4.317],[-72.428,4.354],[-72.405,4.318],[-72.356,4.342],[-72.342,4.372],[-72.321,4.371],[-72.303,4.408],[-72.243,4.435],[-72.143,4.44],[-72.071,4.408],[-72.061,4.375],[-71.99,4.384],[-71.807,4.584],[-71.732,4.575],[-71.598,4.645],[-71.577,4.675],[-71.429,4.723],[-71.39,4.757],[-71.323,4.767],[-71.288,4.803],[-71.212,4.817],[-71.057,4.906],[-71.002,4.981],[-70.95,5.118],[-70.915,5.141],[-70.862,5.144],[-70.695,5.282],[-70.674,5.315],[-70.68,5.361],[-70.603,5.424],[-70.421,5.534],[-70.361,5.587],[-70.264,5.564],[-70.195,5.603],[-70.153,5.601],[-70.115,5.631],[-70.052,5.711],[-70.044,5.746],[-69.979,5.807],[-69.966,5.862],[-69.933,5.876],[-69.883,5.97],[-69.854,5.984],[-69.836,6.041],[-69.892,6.054],[-69.9,6.097],[-69.948,6.142],[-69.985,6.137],[-69.985,6.164],[-70.003,6.149],[-70.058,6.159],[-70.04,6.185],[-70.06,6.185],[-70.066,6.211],[-70.115,6.233],[-70.123,6.263],[-70.154,6.275],[-70.155,6.297],[-70.175,6.279],[-70.198,6.296],[-70.271,6.274],[-70.367,6.303],[-70.431,6.292],[-70.431,6.278],[-70.531,6.23],[-70.539,6.245],[-70.58,6.25],[-70.631,6.227],[-70.726,6.216],[-70.797,6.253],[-70.861,6.239],[-70.868,6.222],[-70.896,6.236],[-70.985,6.229],[-71.035,6.266],[-71.035,6.255],[-71.06,6.255],[-71.093,6.279],[-71.158,6.263],[-71.221,6.298],[-71.234,6.264],[-71.268,6.285],[-71.272,6.261],[-71.298,6.272],[-71.332,6.257],[-71.349,6.229],[-71.378,6.225],[-71.381,6.241],[-71.414,6.243],[-71.421,6.225],[-71.449,6.246],[-71.44,6.215],[-71.456,6.223],[-71.487,6.201],[-71.497,6.217],[-71.51,6.198],[-71.535,6.226],[-71.553,6.197],[-71.574,6.21],[-71.575,6.191],[-71.593,6.211],[-71.612,6.21],[-71.614,6.227],[-71.638,6.229],[-71.671,6.19],[-71.824,6.187],[-71.879,6.159],[-71.955,6.169],[-72.01,6.13],[-72.077,6.113],[-72.14,6.067],[-72.263,6.123],[-72.289,6.163],[-72.287,6.2],[-72.344,6.226],[-72.367,6.307],[-72.339,6.345]]]},"properties":{"dpto_ccdgo":"85","dpto_cnmbr":"CASANARE"}},{"type":"Feature","geometry":{"type":"Polygon","coordinates":[[[-76.671,1.467],[-76.751,1.42],[-76.887,1.372],[-76.921,1.345],[-76.904,1.321],[-76.936,1.275],[-76.979,1.287],[-76.981,1.223],[-77.021,1.196],[-77.088,1.183],[-77.097,1.164],[-77.093,1.075],[-77.058,1.034],[-77.037,1.047],[-77.028,0.995],[-77.074,0.97],[-77.073,0.942],[-77.121,0.893],[-77.102,0.834],[-77.139,0.822],[-77.187,0.631],[-77.117,0.591],[-77.13,0.525],[-77.102,0.47],[-77.108,0.442],[-77.089,0.424],[-77.099,0.411],[-77.088,0.395],[-77.112,0.383],[-77.112,0.367],[-77.079,0.286],[-77.027,0.277],[-77.005,0.295],[-76.985,0.268],[-76.934,0.277],[-76.935,0.262],[-76.906,0.245],[-76.844,0.239],[-76.798,0.265],[-76.759,0.247],[-76.767,0.264],[-76.733,0.289],[-76.713,0.269],[-76.659,0.273],[-76.653,0.251],[-76.629,0.263],[-76.589,0.219],[-76.535,0.259],[-76.503,0.236],[-76.448,0.24],[-76.433,0.259],[-76.424,0.235],[-76.412,0.242],[-76.412,0.381],[-76.368,0.394],[-76.345,0.38],[-76.313,0.433],[-76.297,0.421],[-76.278,0.436],[-76.257,0.4],[-76.233,0.4],[-76.226,0.373],[-76.209,0.385],[-76.179,0.37],[-76.16,0.389],[-76.133,0.37],[-76.113,0.313],[-76.075,0.335],[-76.055,0.329],[-76.046,0.303],[-76.011,0.299],[-75.985,0.259],[-76.005,0.247],[-75.966,0.236],[-75.955,0.2],[-75.9,0.161],[-75.906,0.136],[-75.883,0.139],[-75.877,0.116],[-75.854,0.131],[-75.807,0.047],[-75.649,0.027],[-75.635,0.047],[-75.608,0.012],[-75.581,0.014],[-75.577,-0.028],[-75.53,-0.027],[-75.398,-0.101],[-75.359,-0.092],[-75.276,-0.127],[-75.226,-0.091],[-75.202,-0.045],[-75.17,-0.045],[-75.069,-0.095],[-75.018,-0.148],[-74.975,-0.157],[-74.975,-0.187],[-74.928,-0.229],[-74.912,-0.213],[-74.885,-0.246],[-74.854,-0.243],[-74.81,-0.193],[-74.787,-0.201],[-74.732,-0.303],[-74.727,-0.349],[-74.702,-0.352],[-74.684,-0.331],[-74.689,-0.363],[-74.656,-0.377],[-74.61,-0.353],[-74.615,-0.38],[-74.581,-0.39],[-74.53,-0.47],[-74.506,-0.464],[-74.491,-0.491],[-74.471,-0.48],[-74.457,-0.506],[-74.427,-0.5],[-74.422,-0.561],[-74.397,-0.542],[-74.389,-0.554],[-73.841,-0.398],[-73.882,-0.37],[-74.007,-0.341],[-74.038,-0.306],[-74.045,-0.275],[-74.082,-0.28],[-74.112,-0.235],[-74.143,-0.238],[-74.168,-0.267],[-74.188,-0.259],[-74.2,-0.21],[-74.24,-0.235],[-74.289,-0.2],[-74.267,-0.143],[-74.303,-0.147],[-74.342,-0.11],[-74.402,-0.114],[-74.446,-0.14],[-74.423,-0.098],[-74.454,-0.071],[-74.475,-0.13],[-74.497,-0.137],[-74.519,-0.089],[-74.535,-0.095],[-74.532,-0.126],[-74.632,-0.088],[-74.616,-0.062],[-74.631,-0.044],[-74.649,-0.039],[-74.677,-0.061],[-74.656,-0.012],[-74.705,0.041],[-74.675,0.046],[-74.656,0.073],[-74.714,0.095],[-74.691,0.088],[-74.675,0.1],[-74.681,0.165],[-74.737,0.21],[-74.841,0.213],[-74.893,0.249],[-74.959,0.242],[-75.004,0.273],[-75.011,0.291],[-74.98,0.315],[-75.007,0.342],[-75.017,0.383],[-74.983,0.409],[-75.018,0.472],[-75.035,0.484],[-75.105,0.473],[-75.094,0.501],[-75.107,0.513],[-75.154,0.481],[-75.217,0.487],[-75.198,0.503],[-75.235,0.565],[-75.207,0.595],[-75.22,0.633],[-75.276,0.667],[-75.257,0.703],[-75.266,0.726],[-75.298,0.729],[-75.34,0.769],[-75.409,0.738],[-75.469,0.759],[-75.483,0.783],[-75.505,0.767],[-75.538,0.789],[-75.538,0.827],[-75.608,0.838],[-75.636,0.877],[-75.682,0.857],[-75.731,0.859],[-75.762,0.838],[-75.8,0.896],[-75.829,0.874],[-75.857,0.885],[-75.909,0.973],[-75.947,0.983],[-75.924,1.034],[-75.948,1.031],[-75.994,1.073],[-75.993,1.028],[-76.006,1.055],[-76.048,1.046],[-76.09,1.058],[-76.08,1.021],[-76.104,1.025],[-76.126,1.007],[-76.184,1.026],[-76.183,1.013],[-76.203,1.018],[-76.209,1.005],[-76.191,0.993],[-76.236,0.982],[-76.236,0.965],[-76.276,0.984],[-76.298,0.961],[-76.33,0.958],[-76.335,0.981],[-76.37,0.984],[-76.402,0.98],[-76.412,0.961],[-76.445,0.969],[-76.493,1.028],[-76.545,1.038],[-76.568,1.083],[-76.537,1.209],[-76.566,1.239],[-76.586,1.301],[-76.571,1.328],[-76.584,1.344],[-76.574,1.386],[-76.671,1.467]]]},"properties":{"dpto_ccdgo":"86","dpto_cnmbr":"PUTUMAYO"}},{"type":"Feature","geometry":{"type":"MultiPolygon","coordinates":[[[[-81.688,12.55],[-81.688,12.551],[-81.689,12.551],[-81.688,12.55]]],[[[-81.689,12.552],[-81.689,12.553],[-81.689,12.553],[-81.689,12.552]]],[[[-81.704,12.595],[-81.733,12.555],[-81.73,12.48],[-81.704,12.544],[-81.708,12.572],[-81.687,12.581],[-81.704,12.595]]],[[[-81.689,12.599],[-81.69,12.601],[-81.691,12.599],[-81.689,12.599]]],[[[-81.364,13.386],[-81.392,13.359],[-81.389,13.321],[-81.35,13.357],[-81.364,13.386]]],[[[-81.371,13.394],[-81.38,13.391],[-81.377,13.381],[-81.371,13.394]]]]},"properties":{"dpto_ccdgo":"88","dpto_cnmbr":"ARCHIPIÉLAGO DE SAN ANDRÉS, PROVIDENCIA Y SANTA CATALINA"}},{"type":"Feature","geometry":{"type":"Polygon","coordinates":[[[-71.145,0.056],[-71.188,0.097],[-71.187,0.081],[-71.226,0.054],[-71.235,0.066],[-71.256,0.059],[-71.271,0.035],[-71.328,0.019],[-71.371,0.031],[-71.4,0.006],[-71.448,0.003],[-71.454,-0.012],[-71.547,0.021],[-71.577,0.016],[-71.593,-0.014],[-71.705,-0.067],[-71.701,-0.097],[-71.736,-0.155],[-71.711,-0.234],[-71.831,-0.276],[-72.036,-0.267],[-72.061,-0.296],[-72.063,-0.325],[-72.153,-0.355],[-72.148,-0.395],[-72.173,-0.444],[-72.231,-0.493],[-72.243,-0.605],[-72.309,-0.652],[-72.395,-0.614],[-72.408,-0.568],[-72.425,-0.562],[-72.563,-0.706],[-72.674,-0.635],[-72.678,-0.616],[-72.741,-0.58],[-72.75,-0.555],[-72.816,-0.599],[-72.917,-0.616],[-72.937,-0.606],[-72.959,-0.559],[-73.016,-0.527],[-73.053,-0.547],[-73.075,-0.621],[-73.121,-0.604],[-73.203,-0.626],[-73.332,-0.506],[-73.379,-0.536],[-73.43,-0.511],[-73.51,-0.524],[-73.533,-0.488],[-73.568,-0.517],[-73.585,-0.449],[-73.609,-0.439],[-73.651,-0.457],[-73.64,-0.418],[-73.68,-0.42],[-73.729,-0.38],[-73.763,-0.407],[-73.816,-0.412],[-73.841,-0.398],[-74.389,-0.554],[-74.395,-0.588],[-74.364,-0.621],[-74.376,-0.655],[-74.342,-0.694],[-74.382,-0.72],[-74.354,-0.755],[-74.314,-0.768],[-74.318,-0.796],[-74.292,-0.78],[-74.291,-0.822],[-74.255,-0.82],[-74.271,-0.879],[-74.303,-0.863],[-74.322,-0.881],[-74.276,-0.91],[-74.263,-0.945],[-74.274,-0.98],[-74.221,-1.012],[-74.168,-1.009],[-74.087,-1.054],[-74.05,-1.053],[-74.024,-1.006],[-74.028,-1.06],[-74.012,-1.098],[-73.982,-1.11],[-73.962,-1.085],[-73.952,-1.097],[-73.968,-1.127],[-73.907,-1.127],[-73.864,-1.229],[-73.813,-1.25],[-73.788,-1.241],[-73.769,-1.263],[-73.745,-1.201],[-73.733,-1.251],[-73.682,-1.241],[-73.646,-1.27],[-73.62,-1.265],[-73.613,-1.32],[-73.595,-1.331],[-73.571,-1.322],[-73.583,-1.376],[-73.56,-1.383],[-73.552,-1.405],[-73.587,-1.424],[-73.539,-1.433],[-73.531,-1.478],[-73.49,-1.486],[-73.496,-1.514],[-73.479,-1.529],[-73.5,-1.563],[-73.479,-1.579],[-73.458,-1.571],[-73.516,-1.637],[-73.54,-1.687],[-73.534,-1.708],[-73.452,-1.749],[-73.431,-1.79],[-73.38,-1.781],[-73.315,-1.829],[-73.298,-1.825],[-73.306,-1.8],[-73.285,-1.781],[-73.245,-1.784],[-73.254,-1.809],[-73.231,-1.802],[-73.22,-1.75],[-73.185,-1.808],[-73.147,-1.805],[-73.155,-1.86],[-73.109,-1.884],[-73.13,-1.993],[-73.093,-2.04],[-73.114,-2.074],[-73.069,-2.088],[-73.117,-2.128],[-73.134,-2.181],[-73.172,-2.186],[-73.173,-2.221],[-73.125,-2.297],[-73.123,-2.327],[-73.098,-2.327],[-73.057,-2.366],[-73.04,-2.355],[-73.039,-2.328],[-73.002,-2.363],[-72.976,-2.345],[-72.934,-2.416],[-72.933,-2.458],[-72.831,-2.431],[-72.775,-2.394],[-72.751,-2.429],[-72.73,-2.421],[-72.729,-2.399],[-72.702,-2.398],[-72.682,-2.453],[-72.662,-2.441],[-72.631,-2.36],[-72.597,-2.368],[-72.568,-2.405],[-72.543,-2.405],[-72.518,-2.427],[-72.477,-2.421],[-72.433,-2.442],[-72.409,-2.416],[-72.398,-2.47],[-72.373,-2.493],[-72.296,-2.477],[-72.284,-2.454],[-72.255,-2.459],[-72.251,-2.432],[-72.222,-2.45],[-72.187,-2.436],[-72.157,-2.481],[-72.129,-2.414],[-72.049,-2.339],[-72.014,-2.369],[-71.959,-2.359],[-71.92,-2.381],[-71.926,-2.315],[-71.881,-2.312],[-71.833,-2.196],[-71.797,-2.207],[-71.789,-2.188],[-71.748,-2.174],[-71.742,-2.146],[-71.72,-2.16],[-71.729,-2.228],[-71.706,-2.232],[-71.65,-2.203],[-71.606,-2.238],[-71.518,-2.252],[-71.526,-2.321],[-71.499,-2.356],[-71.478,-2.346],[-71.483,-2.289],[-71.457,-2.279],[-71.399,-2.358],[-71.41,-2.391],[-71.395,-2.411],[-71.318,-2.381],[-71.297,-2.347],[-71.277,-2.352],[-71.293,-2.378],[-71.284,-2.389],[-71.228,-2.348],[-71.196,-2.382],[-71.172,-2.381],[-71.166,-2.343],[-71.127,-2.338],[-71.141,-2.303],[-71.126,-2.286],[-71.037,-2.276],[-70.994,-2.309],[-70.987,-2.291],[-71.014,-2.226],[-71.002,-2.212],[-70.981,-2.214],[-70.937,-2.257],[-70.879,-2.223],[-70.857,-2.239],[-70.839,-2.292],[-70.771,-2.299],[-70.752,-2.331],[-70.664,-2.36],[-70.683,-2.404],[-70.644,-2.414],[-70.628,-2.399],[-70.645,-2.454],[-70.628,-2.48],[-70.559,-2.479],[-70.546,-2.45],[-70.585,-2.428],[-70.565,-2.42],[-70.513,-2.477],[-70.47,-2.456],[-70.433,-2.529],[-70.408,-2.529],[-70.367,-2.495],[-70.302,-2.505],[-70.305,-2.528],[-70.36,-2.545],[-70.358,-2.567],[-70.326,-2.583],[-70.245,-2.558],[-70.219,-2.656],[-70.195,-2.663],[-70.178,-2.633],[-70.165,-2.643],[-70.162,-2.714],[-70.115,-2.7],[-70.102,-2.662],[-70.077,-2.663],[-70.06,-2.76],[-70.074,-2.791],[-70.713,-3.795],[-70.685,-3.794],[-70.653,-3.83],[-70.621,-3.84],[-70.573,-3.819],[-70.52,-3.88],[-70.47,-3.871],[-70.354,-3.8],[-70.288,-3.821],[-70.248,-3.895],[-70.183,-3.929],[-70.167,-4.052],[-70.065,-4.081],[-69.95,-4.229],[-69.93,-4.205],[-69.452,-1.539],[-69.456,-1.489],[-69.433,-1.453],[-69.43,-1.392],[-69.397,-1.361],[-69.43,-1.218],[-69.395,-1.122],[-69.433,-1.069],[-69.452,-1.071],[-69.471,-1.093],[-69.462,-1.142],[-69.489,-1.151],[-69.466,-1.175],[-69.478,-1.211],[-69.506,-1.217],[-69.539,-1.192],[-69.565,-1.193],[-69.593,-1.146],[-69.635,-1.168],[-69.638,-1.214],[-69.664,-1.226],[-69.68,-1.201],[-69.681,-1.121],[-69.662,-1.116],[-69.652,-1.134],[-69.649,-1.117],[-69.705,-1.048],[-69.75,-1.028],[-69.773,-1.037],[-69.758,-1.073],[-69.734,-1.082],[-69.757,-1.099],[-69.784,-1.087],[-69.818,-1.032],[-69.84,-1.028],[-69.876,-1.078],[-69.955,-1.096],[-69.972,-1.073],[-69.941,-1.035],[-69.954,-0.996],[-69.902,-0.972],[-69.941,-0.947],[-69.958,-0.968],[-69.999,-0.976],[-70.001,-0.946],[-70.017,-0.937],[-70.031,-0.979],[-70.079,-0.947],[-70.122,-0.972],[-70.136,-1.015],[-70.088,-1.012],[-70.079,-1.038],[-70.128,-1.111],[-70.169,-1.113],[-70.178,-1.075],[-70.228,-1.05],[-70.197,-0.985],[-70.22,-0.985],[-70.232,-1.015],[-70.253,-1.021],[-70.307,-0.965],[-70.296,-0.936],[-70.261,-0.938],[-70.221,-0.886],[-70.297,-0.791],[-70.29,-0.752],[-70.249,-0.739],[-70.262,-0.712],[-70.256,-0.603],[-70.282,-0.558],[-70.3,-0.559],[-70.31,-0.59],[-70.325,-0.561],[-70.245,-0.47],[-70.203,-0.474],[-70.21,-0.442],[-70.247,-0.445],[-70.288,-0.413],[-70.31,-0.441],[-70.365,-0.454],[-70.351,-0.473],[-70.321,-0.47],[-70.335,-0.499],[-70.378,-0.498],[-70.4,-0.463],[-70.457,-0.495],[-70.453,-0.44],[-70.519,-0.358],[-70.531,-0.375],[-70.561,-0.366],[-70.58,-0.392],[-70.63,-0.32],[-70.678,-0.352],[-70.737,-0.287],[-70.78,-0.312],[-70.759,-0.319],[-70.762,-0.331],[-70.826,-0.366],[-70.878,-0.28],[-70.883,-0.214],[-70.915,-0.202],[-70.947,-0.154],[-70.931,-0.129],[-70.902,-0.133],[-70.892,-0.116],[-70.927,-0.089],[-70.927,-0.052],[-70.961,-0.04],[-70.969,-0.009],[-70.992,-0.002],[-71.016,-0.012],[-71.012,-0.042],[-71.031,-0.047],[-71.053,-0.028],[-71.04,-0.005],[-71.095,-0.008],[-71.104,0.026],[-71.134,0.004],[-71.145,0.056]]]},"properties":{"dpto_ccdgo":"91","dpto_cnmbr":"AMAZONAS"}},{"type":"Feature","geometry":{"type":"Polygon","coordinates":[[[-67.676,3.912],[-67.692,3.936],[-67.708,4.045],[-67.813,3.985],[-67.876,3.919],[-67.914,3.909],[-67.937,3.963],[-68.025,3.976],[-68.035,4.011],[-68.079,3.935],[-68.078,3.981],[-68.098,3.975],[-68.113,3.943],[-68.133,3.947],[-68.12,3.982],[-68.131,4.001],[-68.174,3.986],[-68.205,3.997],[-68.207,3.957],[-68.342,3.994],[-68.356,3.955],[-68.347,3.924],[-68.382,3.912],[-68.42,3.927],[-68.437,3.915],[-68.393,3.873],[-68.395,3.851],[-68.447,3.884],[-68.444,3.838],[-68.476,3.852],[-68.513,3.826],[-68.51,3.779],[-68.569,3.818],[-68.551,3.764],[-68.576,3.79],[-68.635,3.774],[-68.672,3.812],[-68.68,3.797],[-68.646,3.775],[-68.651,3.762],[-68.754,3.783],[-68.795,3.722],[-68.852,3.739],[-68.832,3.671],[-68.864,3.706],[-68.926,3.687],[-68.938,3.742],[-68.942,3.682],[-68.996,3.692],[-69.056,3.639],[-69.079,3.656],[-69.1,3.638],[-69.121,3.676],[-69.153,3.643],[-69.187,3.634],[-69.168,3.672],[-69.2,3.669],[-69.208,3.702],[-69.235,3.674],[-69.247,3.715],[-69.28,3.726],[-69.287,3.713],[-69.268,3.681],[-69.292,3.645],[-69.306,3.652],[-69.29,3.698],[-69.304,3.717],[-69.366,3.665],[-69.388,3.685],[-69.408,3.66],[-69.455,3.709],[-69.478,3.695],[-69.493,3.651],[-69.504,3.679],[-69.589,3.683],[-69.595,3.673],[-69.571,3.669],[-69.593,3.568],[-69.609,3.595],[-69.629,3.569],[-69.663,3.585],[-69.701,3.54],[-69.71,3.577],[-69.74,3.591],[-69.742,3.576],[-69.714,3.549],[-69.734,3.543],[-69.777,3.565],[-69.802,3.508],[-69.815,3.516],[-69.817,3.552],[-69.844,3.549],[-69.817,3.477],[-69.852,3.492],[-69.872,3.536],[-69.894,3.537],[-69.896,3.517],[-69.862,3.479],[-69.872,3.439],[-69.903,3.424],[-69.915,3.447],[-69.96,3.457],[-69.944,3.395],[-70.002,3.373],[-70.026,3.418],[-70.076,3.387],[-70.11,3.385],[-70.127,3.401],[-70.133,3.365],[-70.173,3.349],[-70.109,3.294],[-70.116,3.28],[-70.136,3.294],[-70.158,3.282],[-70.157,3.258],[-70.132,3.244],[-70.128,3.202],[-70.148,3.191],[-70.157,3.229],[-70.174,3.236],[-70.165,3.181],[-70.192,3.174],[-70.218,3.206],[-70.207,3.173],[-70.244,3.179],[-70.288,3.124],[-70.28,3.094],[-70.32,3.086],[-70.315,3.071],[-70.273,3.066],[-70.255,3.04],[-70.303,3.034],[-70.278,2.937],[-70.354,2.914],[-70.356,2.854],[-70.494,2.813],[-70.498,2.789],[-70.942,2.607],[-70.93,2.573],[-70.889,2.557],[-70.853,2.57],[-70.829,2.533],[-70.793,2.52],[-70.754,2.537],[-70.733,2.485],[-70.68,2.441],[-70.63,2.313],[-70.531,2.268],[-70.511,2.283],[-70.489,2.253],[-70.511,2.259],[-70.514,2.245],[-70.497,2.234],[-70.473,2.244],[-70.465,2.233],[-70.458,2.257],[-70.421,2.269],[-70.408,2.255],[-70.399,2.268],[-70.366,2.235],[-70.342,2.248],[-70.312,2.208],[-70.293,2.229],[-70.305,2.253],[-70.274,2.237],[-70.243,2.265],[-70.247,2.243],[-70.194,2.23],[-70.183,2.24],[-70.191,2.253],[-70.174,2.237],[-70.157,2.24],[-70.16,2.265],[-70.142,2.251],[-70.147,2.278],[-70.085,2.263],[-70.069,2.294],[-70.045,2.293],[-70.053,2.278],[-70.026,2.272],[-70.024,2.235],[-69.996,2.224],[-69.996,2.205],[-70.006,2.207],[-70.007,2.182],[-70.036,2.182],[-70.034,2.159],[-70.055,2.162],[-70.058,2.146],[-70.119,2.111],[-70.104,2.094],[-70.121,2.049],[-70.112,2.003],[-70.141,1.98],[-70.18,1.882],[-70.047,1.772],[-69.975,1.743],[-69.903,1.745],[-69.859,1.709],[-69.84,1.719],[-69.809,1.695],[-69.804,1.705],[-69.783,1.693],[-69.721,1.735],[-69.629,1.723],[-69.547,1.777],[-69.393,1.727],[-68.163,1.728],[-68.17,1.743],[-68.193,1.738],[-68.178,1.766],[-68.192,1.78],[-68.24,1.771],[-68.227,1.829],[-68.275,1.819],[-68.285,1.83],[-68.206,1.986],[-68.199,2.039],[-68.175,1.969],[-68.139,1.971],[-68.094,1.897],[-68.062,1.893],[-68.031,1.811],[-67.996,1.846],[-67.908,1.805],[-67.922,1.82],[-67.922,1.858],[-67.909,1.862],[-67.922,1.893],[-67.871,1.901],[-67.869,1.924],[-67.832,1.939],[-67.809,1.986],[-67.783,2.0],[-67.775,2.035],[-67.743,2.034],[-67.731,2.012],[-67.677,2.009],[-67.658,1.99],[-67.625,2.04],[-67.602,2.044],[-67.574,2.104],[-67.587,2.122],[-67.574,2.162],[-67.551,2.149],[-67.45,2.169],[-67.446,2.199],[-67.416,2.194],[-67.416,2.229],[-67.395,2.233],[-67.369,2.216],[-67.362,2.171],[-67.327,2.155],[-67.358,2.116],[-67.359,2.094],[-67.342,2.085],[-67.358,2.042],[-67.341,2.027],[-67.347,1.985],[-67.303,1.901],[-67.275,1.923],[-67.22,1.918],[-67.209,1.858],[-67.157,1.828],[-67.163,1.801],[-67.137,1.799],[-67.128,1.777],[-67.149,1.732],[-67.129,1.688],[-67.143,1.604],[-67.101,1.582],[-67.075,1.37],[-67.112,1.335],[-67.151,1.346],[-67.156,1.317],[-67.127,1.271],[-67.101,1.26],[-67.082,1.201],[-67.093,1.171],[-66.851,1.224],[-66.881,1.287],[-66.848,1.319],[-66.852,1.356],[-66.875,1.398],[-66.911,1.423],[-66.921,1.531],[-66.963,1.59],[-66.962,1.669],[-66.99,1.691],[-67.032,1.785],[-67.035,1.845],[-67.072,1.934],[-67.123,1.977],[-67.097,2.052],[-67.108,2.119],[-67.122,2.137],[-67.162,2.133],[-67.222,2.254],[-67.217,2.303],[-67.188,2.35],[-67.222,2.399],[-67.297,2.442],[-67.339,2.519],[-67.383,2.544],[-67.392,2.574],[-67.468,2.619],[-67.485,2.666],[-67.523,2.673],[-67.562,2.656],[-67.564,2.726],[-67.614,2.812],[-67.658,2.797],[-67.736,2.817],[-67.736,2.836],[-67.75,2.838],[-67.815,2.831],[-67.838,2.793],[-67.864,2.789],[-67.863,2.865],[-67.435,3.248],[-67.381,3.248],[-67.382,3.293],[-67.311,3.378],[-67.339,3.451],[-67.401,3.48],[-67.412,3.539],[-67.444,3.585],[-67.448,3.676],[-67.479,3.705],[-67.501,3.767],[-67.613,3.756],[-67.676,3.912]]]},"properties":{"dpto_ccdgo":"94","dpto_cnmbr":"GUAINÍA"}},{"type":"Feature","geometry":{"type":"Polygon","coordinates":[[[-71.313,2.925],[-71.331,2.921],[-71.348,2.858],[-71.362,2.891],[-71.383,2.887],[-71.391,2.844],[-71.463,2.899],[-71.47,2.853],[-71.521,2.879],[-71.545,2.859],[-71.583,2.872],[-71.575,2.844],[-71.611,2.846],[-71.652,2.82],[-71.674,2.826],[-71.662,2.873],[-71.682,2.872],[-71.697,2.838],[-71.762,2.897],[-71.758,2.853],[-71.78,2.818],[-71.788,2.869],[-71.821,2.879],[-71.851,2.872],[-71.823,2.87],[-71.828,2.837],[-71.954,2.832],[-71.982,2.801],[-72.005,2.829],[-72.052,2.817],[-72.082,2.826],[-72.135,2.889],[-72.144,2.865],[-72.183,2.875],[-72.203,2.864],[-72.206,2.815],[-72.184,2.79],[-72.193,2.772],[-72.215,2.776],[-72.259,2.825],[-72.28,2.776],[-72.295,2.774],[-72.313,2.799],[-72.336,2.797],[-72.407,2.726],[-72.435,2.74],[-72.471,2.734],[-72.472,2.689],[-72.536,2.703],[-72.537,2.683],[-72.571,2.674],[-72.556,2.65],[-72.587,2.639],[-72.586,2.584],[-72.621,2.627],[-72.653,2.572],[-72.679,2.622],[-72.702,2.618],[-72.74,2.57],[-72.818,2.614],[-72.92,2.562],[-72.921,2.534],[-72.958,2.509],[-72.954,2.495],[-72.933,2.497],[-72.935,2.464],[-72.963,2.48],[-72.966,2.448],[-72.986,2.452],[-73.033,2.413],[-73.045,2.438],[-73.111,2.381],[-73.128,2.411],[-73.141,2.397],[-73.124,2.379],[-73.164,2.365],[-73.166,2.399],[-73.202,2.382],[-73.218,2.386],[-73.217,2.405],[-73.226,2.389],[-73.268,2.381],[-73.241,2.371],[-73.242,2.347],[-73.267,2.359],[-73.301,2.336],[-73.33,2.36],[-73.333,2.333],[-73.357,2.324],[-73.345,2.353],[-73.357,2.369],[-73.375,2.362],[-73.379,2.325],[-73.396,2.329],[-73.39,2.351],[-73.412,2.357],[-73.437,2.327],[-73.442,2.386],[-73.456,2.382],[-73.45,2.34],[-73.474,2.362],[-73.506,2.356],[-73.512,2.333],[-73.528,2.388],[-73.572,2.355],[-73.585,2.36],[-73.586,2.39],[-73.619,2.377],[-73.633,2.36],[-73.614,2.341],[-73.635,2.326],[-73.63,2.295],[-73.643,2.284],[-73.657,2.294],[-73.664,1.593],[-73.547,1.438],[-73.535,1.39],[-73.483,1.37],[-73.456,1.295],[-73.428,1.296],[-73.432,1.259],[-73.409,1.241],[-73.424,1.224],[-73.407,1.206],[-73.421,1.191],[-73.393,1.172],[-73.393,1.147],[-73.344,1.123],[-73.341,1.099],[-73.282,1.067],[-73.279,1.047],[-73.252,1.049],[-73.235,1.009],[-73.179,1.0],[-73.173,0.982],[-73.19,0.967],[-73.164,0.94],[-73.147,0.943],[-73.145,0.92],[-73.109,0.924],[-73.077,0.894],[-73.052,0.912],[-73.038,0.902],[-73.027,0.921],[-73.01,0.911],[-73.006,0.933],[-72.988,0.928],[-72.997,0.952],[-72.94,0.98],[-72.932,1.015],[-72.867,1.024],[-72.865,1.042],[-72.879,1.046],[-72.858,1.042],[-72.861,1.072],[-72.883,1.07],[-72.869,1.087],[-72.884,1.099],[-72.85,1.105],[-72.872,1.135],[-72.85,1.143],[-72.859,1.165],[-72.827,1.149],[-72.824,1.178],[-72.771,1.182],[-72.778,1.148],[-72.75,1.129],[-72.739,1.151],[-72.723,1.15],[-72.726,1.186],[-72.662,1.151],[-72.65,1.182],[-72.623,1.136],[-72.511,1.068],[-72.456,1.08],[-72.399,1.004],[-72.41,0.987],[-72.4,0.967],[-72.377,0.96],[-72.392,0.919],[-72.354,0.935],[-72.34,0.927],[-72.347,0.903],[-72.332,0.879],[-72.344,0.869],[-72.329,0.841],[-72.317,0.853],[-72.323,0.876],[-72.289,0.873],[-72.301,0.842],[-72.287,0.819],[-72.31,0.809],[-72.27,0.763],[-72.27,0.794],[-72.249,0.789],[-72.222,0.747],[-72.221,0.706],[-72.2,0.702],[-72.191,0.727],[-72.164,0.713],[-72.163,0.734],[-72.14,0.718],[-72.127,0.74],[-72.11,0.705],[-72.07,0.693],[-72.071,0.668],[-72.086,0.66],[-72.049,0.656],[-71.774,0.906],[-71.766,0.962],[-71.74,0.985],[-71.71,0.99],[-71.688,0.97],[-71.666,0.973],[-71.616,1.037],[-71.585,1.045],[-71.573,1.091],[-71.583,1.127],[-71.54,1.115],[-71.556,1.155],[-71.532,1.16],[-71.536,1.124],[-71.503,1.103],[-71.485,1.109],[-71.535,1.206],[-71.553,1.207],[-71.539,1.23],[-71.553,1.277],[-71.526,1.278],[-71.531,1.296],[-71.479,1.405],[-71.479,1.446],[-71.455,1.465],[-71.44,1.508],[-71.439,1.545],[-71.39,1.598],[-71.398,1.734],[-71.368,1.739],[-71.33,1.705],[-71.314,1.714],[-71.259,1.668],[-71.126,1.783],[-71.093,1.781],[-71.093,1.802],[-71.065,1.798],[-71.042,1.818],[-71.0,1.815],[-70.957,1.846],[-70.902,1.888],[-70.894,1.928],[-70.877,1.933],[-70.866,1.909],[-70.847,1.921],[-70.801,1.906],[-70.77,1.928],[-70.761,1.91],[-70.733,1.924],[-70.691,1.898],[-70.663,1.914],[-70.637,1.903],[-70.621,1.93],[-70.579,1.929],[-70.531,1.957],[-70.514,1.957],[-70.511,1.94],[-70.487,1.946],[-70.485,1.963],[-70.464,1.963],[-70.466,1.983],[-70.435,2.0],[-70.387,1.985],[-70.368,2.004],[-70.351,1.983],[-70.318,2.013],[-70.261,2.014],[-70.251,2.029],[-70.181,2.025],[-70.151,2.072],[-70.139,2.062],[-70.109,2.08],[-70.119,2.11],[-70.092,2.122],[-70.1,2.13],[-70.058,2.146],[-70.055,2.162],[-70.034,2.159],[-70.036,2.182],[-70.006,2.183],[-69.995,2.224],[-70.023,2.234],[-70.026,2.272],[-70.054,2.279],[-70.047,2.294],[-70.069,2.294],[-70.085,2.263],[-70.147,2.278],[-70.142,2.251],[-70.16,2.265],[-70.157,2.24],[-70.174,2.237],[-70.191,2.253],[-70.183,2.24],[-70.194,2.23],[-70.247,2.243],[-70.243,2.265],[-70.274,2.237],[-70.305,2.253],[-70.293,2.229],[-70.312,2.208],[-70.342,2.248],[-70.366,2.235],[-70.399,2.268],[-70.408,2.255],[-70.421,2.269],[-70.458,2.257],[-70.465,2.233],[-70.498,2.234],[-70.513,2.257],[-70.489,2.255],[-70.511,2.283],[-70.531,2.268],[-70.63,2.313],[-70.68,2.441],[-70.733,2.485],[-70.754,2.537],[-70.793,2.52],[-70.829,2.533],[-70.853,2.57],[-70.889,2.557],[-70.928,2.57],[-70.942,2.607],[-70.501,2.788],[-70.57,2.833],[-70.596,2.838],[-70.618,2.792],[-70.635,2.849],[-70.662,2.856],[-70.64,2.803],[-70.682,2.778],[-70.709,2.737],[-70.725,2.795],[-70.754,2.77],[-70.811,2.76],[-70.796,2.794],[-70.822,2.813],[-70.871,2.778],[-70.854,2.823],[-70.876,2.847],[-70.871,2.799],[-70.884,2.793],[-70.911,2.85],[-70.938,2.857],[-70.925,2.815],[-70.947,2.786],[-70.962,2.8],[-70.948,2.818],[-70.955,2.842],[-70.988,2.829],[-71.011,2.857],[-71.058,2.853],[-71.076,2.882],[-71.116,2.875],[-71.137,2.904],[-71.151,2.872],[-71.184,2.905],[-71.222,2.866],[-71.247,2.863],[-71.26,2.886],[-71.284,2.868],[-71.3,2.876],[-71.313,2.925]]]},"properties":{"dpto_ccdgo":"95","dpto_cnmbr":"GUAVIARE"}},{"type":"Feature","geometry":{"type":"Polygon","coordinates":[[[-70.11,2.08],[-70.139,2.062],[-70.151,2.072],[-70.181,2.025],[-70.251,2.029],[-70.261,2.014],[-70.318,2.013],[-70.351,1.983],[-70.368,2.004],[-70.387,1.985],[-70.435,2.0],[-70.466,1.983],[-70.464,1.963],[-70.485,1.963],[-70.487,1.946],[-70.511,1.94],[-70.514,1.957],[-70.531,1.957],[-70.579,1.929],[-70.621,1.93],[-70.636,1.903],[-70.663,1.914],[-70.691,1.898],[-70.733,1.924],[-70.761,1.91],[-70.77,1.928],[-70.801,1.906],[-70.847,1.921],[-70.866,1.909],[-70.88,1.933],[-70.895,1.928],[-70.903,1.888],[-71.0,1.815],[-71.093,1.802],[-71.093,1.781],[-71.126,1.783],[-71.259,1.668],[-71.314,1.714],[-71.33,1.705],[-71.368,1.739],[-71.398,1.734],[-71.39,1.598],[-71.439,1.545],[-71.44,1.508],[-71.455,1.465],[-71.479,1.446],[-71.479,1.405],[-71.531,1.296],[-71.526,1.278],[-71.553,1.277],[-71.539,1.23],[-71.553,1.207],[-71.535,1.206],[-71.485,1.109],[-71.503,1.103],[-71.536,1.124],[-71.532,1.16],[-71.556,1.155],[-71.54,1.115],[-71.583,1.127],[-71.573,1.091],[-71.585,1.045],[-71.616,1.037],[-71.666,0.973],[-71.688,0.97],[-71.71,0.99],[-71.74,0.985],[-71.766,0.962],[-71.774,0.906],[-72.033,0.664],[-71.999,0.659],[-71.995,0.633],[-71.981,0.632],[-72.012,0.598],[-71.991,0.589],[-71.99,0.563],[-71.953,0.54],[-71.941,0.571],[-71.929,0.553],[-71.913,0.515],[-71.929,0.487],[-71.901,0.472],[-71.919,0.451],[-71.89,0.448],[-71.887,0.469],[-71.859,0.457],[-71.847,0.414],[-71.823,0.406],[-71.853,0.352],[-71.823,0.339],[-71.802,0.355],[-71.815,0.374],[-71.767,0.37],[-71.789,0.336],[-71.754,0.332],[-71.737,0.286],[-71.705,0.318],[-71.701,0.3],[-71.726,0.281],[-71.698,0.237],[-71.644,0.21],[-71.624,0.216],[-71.617,0.193],[-71.636,0.183],[-71.606,0.183],[-71.561,0.216],[-71.59,0.166],[-71.531,0.165],[-71.545,0.131],[-71.53,0.12],[-71.495,0.135],[-71.474,0.185],[-71.456,0.174],[-71.47,0.153],[-71.45,0.139],[-71.409,0.151],[-71.4,0.186],[-71.373,0.172],[-71.365,0.145],[-71.342,0.138],[-71.335,0.155],[-71.321,0.136],[-71.329,0.113],[-71.29,0.096],[-71.293,0.068],[-71.235,0.066],[-71.226,0.054],[-71.184,0.097],[-71.145,0.063],[-71.134,0.004],[-71.104,0.026],[-71.095,-0.008],[-71.04,-0.005],[-71.053,-0.028],[-71.031,-0.047],[-71.012,-0.042],[-71.019,-0.018],[-71.002,-0.004],[-70.969,-0.009],[-70.961,-0.04],[-70.927,-0.052],[-70.925,-0.092],[-70.892,-0.113],[-70.902,-0.133],[-70.935,-0.132],[-70.945,-0.159],[-70.915,-0.202],[-70.883,-0.214],[-70.878,-0.28],[-70.826,-0.366],[-70.762,-0.331],[-70.759,-0.319],[-70.78,-0.312],[-70.737,-0.287],[-70.678,-0.352],[-70.63,-0.32],[-70.58,-0.392],[-70.561,-0.366],[-70.531,-0.375],[-70.519,-0.358],[-70.453,-0.44],[-70.457,-0.495],[-70.4,-0.463],[-70.378,-0.498],[-70.335,-0.499],[-70.321,-0.47],[-70.351,-0.473],[-70.365,-0.454],[-70.31,-0.441],[-70.288,-0.413],[-70.247,-0.445],[-70.212,-0.44],[-70.203,-0.474],[-70.245,-0.47],[-70.325,-0.561],[-70.31,-0.59],[-70.3,-0.559],[-70.282,-0.558],[-70.256,-0.603],[-70.262,-0.712],[-70.249,-0.739],[-70.29,-0.752],[-70.297,-0.791],[-70.221,-0.886],[-70.261,-0.938],[-70.296,-0.936],[-70.307,-0.965],[-70.253,-1.021],[-70.232,-1.015],[-70.22,-0.985],[-70.197,-0.985],[-70.228,-1.05],[-70.178,-1.075],[-70.17,-1.112],[-70.128,-1.111],[-70.079,-1.038],[-70.087,-1.013],[-70.126,-1.021],[-70.138,-1.01],[-70.105,-0.956],[-70.073,-0.948],[-70.039,-0.981],[-70.023,-0.972],[-70.02,-0.938],[-70.001,-0.946],[-69.997,-0.976],[-69.958,-0.968],[-69.939,-0.947],[-69.902,-0.975],[-69.954,-0.995],[-69.941,-1.033],[-69.971,-1.069],[-69.961,-1.093],[-69.876,-1.079],[-69.83,-1.028],[-69.781,-1.089],[-69.745,-1.098],[-69.735,-1.081],[-69.758,-1.073],[-69.775,-1.041],[-69.75,-1.028],[-69.705,-1.048],[-69.65,-1.116],[-69.652,-1.134],[-69.662,-1.116],[-69.681,-1.121],[-69.68,-1.201],[-69.667,-1.225],[-69.639,-1.215],[-69.633,-1.166],[-69.593,-1.146],[-69.565,-1.193],[-69.49,-1.217],[-69.465,-1.189],[-69.489,-1.153],[-69.46,-1.134],[-69.47,-1.09],[-69.452,-1.071],[-69.42,-1.07],[-69.431,-1.061],[-69.419,-1.044],[-69.445,-1.023],[-69.418,-0.999],[-69.459,-0.994],[-69.471,-0.958],[-69.528,-0.924],[-69.526,-0.869],[-69.573,-0.839],[-69.565,-0.807],[-69.583,-0.801],[-69.586,-0.781],[-69.602,-0.784],[-69.606,-0.755],[-69.626,-0.746],[-69.562,-0.637],[-69.603,-0.596],[-69.592,-0.561],[-69.614,-0.534],[-69.608,-0.501],[-69.727,-0.446],[-69.774,-0.391],[-69.829,-0.375],[-69.845,-0.338],[-69.89,-0.342],[-69.921,-0.326],[-70.065,-0.164],[-70.043,-0.123],[-70.046,0.563],[-70.005,0.544],[-69.992,0.563],[-70.0,0.574],[-69.978,0.578],[-69.936,0.553],[-69.916,0.59],[-69.887,0.577],[-69.823,0.591],[-69.803,0.572],[-69.749,0.62],[-69.724,0.615],[-69.716,0.641],[-69.671,0.668],[-69.649,0.664],[-69.607,0.613],[-69.606,0.635],[-69.587,0.64],[-69.593,0.657],[-69.563,0.684],[-69.536,0.679],[-69.533,0.702],[-69.481,0.736],[-69.434,0.713],[-69.436,0.699],[-69.353,0.614],[-69.337,0.643],[-69.32,0.626],[-69.291,0.65],[-69.295,0.604],[-69.2,0.607],[-69.204,0.633],[-69.183,0.654],[-69.121,0.634],[-69.146,0.699],[-69.188,0.733],[-69.176,0.76],[-69.148,0.769],[-69.167,0.844],[-69.142,0.849],[-69.137,0.877],[-69.191,0.916],[-69.188,0.934],[-69.166,0.942],[-69.218,0.974],[-69.198,1.001],[-69.244,1.056],[-69.288,1.054],[-69.321,1.088],[-69.376,1.089],[-69.413,1.041],[-69.438,1.074],[-69.561,1.072],[-69.605,1.098],[-69.674,1.071],[-69.702,1.076],[-69.704,1.119],[-69.774,1.101],[-69.804,1.065],[-69.847,1.078],[-69.846,1.714],[-69.859,1.709],[-69.903,1.745],[-69.975,1.743],[-70.046,1.772],[-70.149,1.868],[-70.176,1.87],[-70.166,1.934],[-70.112,2.003],[-70.122,2.032],[-70.11,2.08]]]},"properties":{"dpto_ccdgo":"97","dpto_cnmbr":"VAUPÉS"}},{"type":"Feature","geometry":{"type":"Polygon","coordinates":[[[-67.81,6.324],[-67.846,6.312],[-67.93,6.236],[-68.028,6.196],[-68.078,6.227],[-68.142,6.229],[-68.257,6.197],[-68.307,6.163],[-68.374,6.186],[-68.449,6.188],[-68.51,6.179],[-68.542,6.149],[-68.588,6.166],[-68.645,6.129],[-68.687,6.132],[-68.706,6.152],[-68.793,6.147],[-68.83,6.18],[-68.882,6.167],[-68.973,6.196],[-69.014,6.193],[-69.046,6.222],[-69.124,6.191],[-69.15,6.151],[-69.178,6.147],[-69.239,6.08],[-69.307,6.089],[-69.345,6.144],[-69.404,6.126],[-69.452,6.083],[-69.542,6.044],[-69.683,6.038],[-69.804,6.055],[-69.842,6.034],[-69.855,5.984],[-69.883,5.97],[-69.933,5.876],[-69.968,5.859],[-69.979,5.807],[-70.044,5.746],[-70.057,5.704],[-70.14,5.61],[-70.195,5.603],[-70.264,5.564],[-70.361,5.587],[-70.674,5.368],[-70.674,5.315],[-70.694,5.284],[-70.861,5.145],[-70.944,5.124],[-70.974,5.08],[-70.968,5.058],[-70.987,5.044],[-71.002,4.981],[-71.057,4.906],[-71.078,4.899],[-71.078,2.882],[-71.062,2.856],[-71.029,2.846],[-71.011,2.857],[-70.988,2.829],[-70.955,2.842],[-70.948,2.818],[-70.962,2.8],[-70.946,2.785],[-70.925,2.815],[-70.938,2.857],[-70.911,2.85],[-70.884,2.793],[-70.871,2.796],[-70.875,2.847],[-70.854,2.823],[-70.871,2.778],[-70.822,2.813],[-70.796,2.794],[-70.811,2.76],[-70.754,2.77],[-70.725,2.795],[-70.709,2.737],[-70.682,2.778],[-70.64,2.803],[-70.66,2.857],[-70.635,2.849],[-70.62,2.793],[-70.587,2.841],[-70.505,2.788],[-70.494,2.813],[-70.359,2.852],[-70.354,2.914],[-70.278,2.937],[-70.303,3.034],[-70.255,3.04],[-70.273,3.066],[-70.315,3.071],[-70.32,3.086],[-70.28,3.094],[-70.288,3.124],[-70.244,3.179],[-70.207,3.173],[-70.218,3.206],[-70.192,3.174],[-70.165,3.181],[-70.174,3.236],[-70.157,3.229],[-70.148,3.191],[-70.128,3.202],[-70.132,3.244],[-70.157,3.258],[-70.158,3.282],[-70.136,3.294],[-70.116,3.28],[-70.109,3.294],[-70.173,3.349],[-70.133,3.365],[-70.127,3.401],[-70.11,3.385],[-70.076,3.387],[-70.026,3.418],[-70.002,3.373],[-69.944,3.395],[-69.96,3.457],[-69.915,3.447],[-69.903,3.424],[-69.872,3.439],[-69.862,3.479],[-69.896,3.517],[-69.894,3.537],[-69.872,3.536],[-69.852,3.492],[-69.817,3.477],[-69.844,3.549],[-69.817,3.552],[-69.815,3.516],[-69.802,3.508],[-69.777,3.565],[-69.734,3.543],[-69.714,3.549],[-69.742,3.576],[-69.74,3.591],[-69.71,3.577],[-69.701,3.54],[-69.663,3.585],[-69.629,3.569],[-69.609,3.595],[-69.593,3.568],[-69.571,3.669],[-69.595,3.673],[-69.589,3.683],[-69.504,3.679],[-69.493,3.651],[-69.478,3.695],[-69.455,3.709],[-69.408,3.66],[-69.388,3.685],[-69.366,3.665],[-69.304,3.717],[-69.29,3.698],[-69.306,3.652],[-69.292,3.645],[-69.268,3.681],[-69.287,3.713],[-69.28,3.726],[-69.247,3.715],[-69.235,3.674],[-69.208,3.702],[-69.2,3.669],[-69.168,3.672],[-69.187,3.634],[-69.153,3.643],[-69.121,3.676],[-69.1,3.638],[-69.079,3.656],[-69.056,3.639],[-68.996,3.692],[-68.942,3.682],[-68.938,3.742],[-68.926,3.687],[-68.864,3.706],[-68.835,3.67],[-68.852,3.739],[-68.795,3.722],[-68.754,3.783],[-68.651,3.762],[-68.646,3.775],[-68.68,3.797],[-68.672,3.812],[-68.635,3.774],[-68.576,3.79],[-68.551,3.764],[-68.569,3.818],[-68.51,3.779],[-68.513,3.826],[-68.476,3.852],[-68.444,3.838],[-68.447,3.884],[-68.395,3.851],[-68.393,3.873],[-68.437,3.915],[-68.42,3.927],[-68.382,3.912],[-68.347,3.924],[-68.345,3.993],[-68.314,3.978],[-68.237,3.975],[-68.207,3.957],[-68.205,3.997],[-68.174,3.986],[-68.131,4.001],[-68.12,3.982],[-68.133,3.947],[-68.113,3.943],[-68.098,3.975],[-68.078,3.981],[-68.079,3.935],[-68.035,4.011],[-68.025,3.976],[-67.937,3.963],[-67.914,3.909],[-67.876,3.919],[-67.813,3.985],[-67.708,4.045],[-67.736,4.128],[-67.768,4.162],[-67.798,4.237],[-67.804,4.327],[-67.762,4.349],[-67.781,4.392],[-67.773,4.419],[-67.798,4.437],[-67.799,4.48],[-67.857,4.525],[-67.839,4.557],[-67.845,4.645],[-67.818,4.707],[-67.839,4.943],[-67.806,5.054],[-67.854,5.135],[-67.824,5.196],[-67.824,5.251],[-67.849,5.274],[-67.85,5.304],[-67.8,5.359],[-67.625,5.475],[-67.599,5.544],[-67.62,5.566],[-67.638,5.675],[-67.597,5.828],[-67.534,5.903],[-67.41,6.002],[-67.493,6.127],[-67.486,6.163],[-67.456,6.19],[-67.473,6.21],[-67.547,6.266],[-67.586,6.262],[-67.625,6.291],[-67.762,6.291],[-67.81,6.324]]]},"properties":{"dpto_ccdgo":"99","dpto_cnmbr":"VICHADA"}}]}
